ad_id,xyz_campaign_id,fb_campaign_id,age,gender,interest,Impressions,Clicks,Spent,Total_Conversion,Approved_Conversion,Approved Conversion Classify,Total Conversion Classify,Prediction Approved
708746,1,103916,0,1,0,7350,1,1.429999948,2,1,1,1,1
708749,1,103917,0,1,0,17861,2,1.8200000230000002,2,0,0,1,0
708771,1,103920,0,1,0,693,0,0.0,1,0,0,1,0
708815,1,103928,0,1,1,4259,1,1.25,1,0,0,1,0
708818,1,103928,0,1,1,4133,1,1.289999962,1,1,1,1,1
708820,1,103929,0,1,1,1915,0,0.0,1,1,1,1,1
708889,1,103940,0,1,0,15615,3,4.769999981000001,1,0,0,1,0
708895,1,103941,0,1,0,10951,1,1.269999981,1,1,1,1,1
708953,1,103951,0,1,1,2355,1,1.5,1,0,0,1,0
708958,1,103952,0,1,1,9502,3,3.159999967,1,0,0,1,0
708979,1,103955,0,1,1,1224,0,0.0,1,0,0,1,0
709023,1,103962,0,1,0,735,0,0.0,1,0,0,1,0
709038,1,103965,0,1,0,5117,0,0.0,1,0,0,1,0
709040,1,103965,0,1,0,5120,0,0.0,1,0,0,1,0
709059,1,103968,0,1,0,14669,7,10.28000021,1,1,1,1,1
709105,1,103976,0,1,1,1241,0,0.0,1,1,1,1,1
709115,1,103978,0,1,1,2305,1,0.5699999929999999,1,0,0,1,0
709124,1,103979,0,1,1,1024,0,0.0,1,1,1,1,1
709179,1,103988,1,1,0,4627,1,1.6900000569999998,1,0,0,1,0
709183,1,103989,1,1,0,21026,4,4.6300001139999996,2,1,1,1,1
709320,1,104012,1,1,0,1422,0,0.0,1,1,1,1,1
709323,1,104012,1,1,0,7132,2,2.609999895,1,0,0,1,0
709326,1,104013,1,1,0,12190,2,3.049999952,1,0,0,1,0
709327,1,104013,1,1,0,12193,2,3.0599999430000002,1,1,1,1,1
709328,1,104013,1,1,0,3332,0,0.0,1,1,1,1,1
709455,1,104034,1,1,0,559,0,0.0,1,0,0,1,0
709544,1,104049,1,1,1,7440,2,2.9800000189999998,1,1,1,1,1
709614,1,104061,2,1,0,19113,4,5.5200001,1,0,0,1,0
709756,1,104085,2,1,0,10976,2,1.6900000569999998,1,1,1,1,1
709761,1,104085,2,1,0,2861,0,0.0,1,0,0,1,0
709899,1,104108,2,1,0,1398,0,0.0,1,1,1,1,1
709901,1,104109,2,1,0,23817,7,8.470000147999999,1,1,1,1,1
710045,1,104133,3,1,0,47224,12,15.82000017,1,0,0,1,0
710088,1,104140,3,1,1,2283,1,1.4700000290000002,1,0,0,1,0
710360,1,104185,3,1,1,2182,1,1.5299999709999998,1,1,1,1,1
710477,1,104205,0,0,0,2654,0,0.0,1,1,1,1,1
710480,1,104205,0,0,0,57665,14,18.06999969,1,1,1,1,1
710571,1,104220,0,0,1,3091,1,1.6100000140000001,1,1,1,1,1
710617,1,104228,0,0,0,5014,1,1.190000057,1,0,0,1,0
710623,1,104229,0,0,0,38726,7,9.220000267,1,0,0,1,0
710628,1,104230,0,0,0,1473,0,0.0,1,0,0,1,0
710682,1,104239,0,0,1,1186,0,0.0,1,0,0,1,0
710763,1,104252,0,0,0,5369,1,1.50999999,1,0,0,1,0
710836,1,104265,0,0,1,22221,7,9.430000067,1,1,1,1,1
710867,1,104270,0,0,1,1185,0,0.0,1,0,0,1,0
710880,1,104272,0,0,1,13019,5,6.9600000379999996,1,0,0,1,0
710961,1,104285,1,0,1,2508,1,1.2200000290000002,1,0,0,1,0
710968,1,104287,1,0,1,5864,2,2.799999952,1,1,1,1,1
711217,1,104328,1,0,0,2783,1,1.600000024,1,0,0,1,0
711623,1,104396,2,0,0,3812,1,1.129999995,2,1,1,1,1
711764,1,104419,3,0,0,11199,4,5.730000018999999,1,1,1,1,1
711785,1,104423,3,0,0,292,0,0.0,1,0,0,1,0
711877,1,104438,3,0,1,17572,7,9.379999995,1,0,0,1,0
712052,1,104467,3,0,0,1448,0,0.0,1,1,1,1,1
734209,2,108654,0,1,0,1772,0,0.0,1,1,1,1,1
734210,2,108654,0,1,0,13329,4,5.629999995,1,1,1,1,1
734215,2,108655,0,1,0,13659,3,3.840000033,1,0,0,1,0
734243,2,108660,0,1,1,739,0,0.0,1,1,1,1,1
734266,2,108664,0,1,1,605,0,0.0,1,0,0,1,0
734272,2,108665,0,1,1,1030,0,0.0,1,0,0,1,0
734290,2,108668,0,1,1,5374,1,1.039999962,4,0,0,1,0
734313,2,108672,0,1,1,790,0,0.0,1,1,1,1,1
734314,2,108672,0,1,1,962,0,0.0,1,0,0,1,0
734352,2,108678,1,1,0,4423,1,1.4600000380000002,1,1,1,1,1
734361,2,108680,1,1,0,12382,2,2.839999914,1,1,1,1,1
734381,2,108683,1,1,0,2938,1,1.350000024,1,1,1,1,1
734399,2,108686,1,1,1,239,0,0.0,1,0,0,1,0
734418,2,108689,1,1,1,591,0,0.0,1,0,0,1,0
734421,2,108690,1,1,1,10332,4,5.75,1,0,0,1,0
734427,2,108691,1,1,1,8259,3,3.9800000189999998,1,0,0,1,0
734433,2,108692,1,1,1,12158,3,4.449999928,1,0,0,1,0
734582,2,108716,2,1,1,7709,2,1.320000052,2,0,0,1,0
734605,2,108720,2,1,1,834,0,0.0,1,0,0,1,0
734660,2,108729,3,1,0,1299,0,0.0,2,0,0,1,0
734666,2,108730,3,1,0,371,0,0.0,1,0,0,1,0
734726,2,108740,3,1,1,10466,3,4.090000033,1,0,0,1,0
734737,2,108742,3,1,1,839,0,0.0,1,0,0,1,0
734785,2,108750,0,0,0,5576,1,1.5299999709999998,1,1,1,1,1
734794,2,108752,0,0,0,4010,0,0.0,1,0,0,1,0
734796,2,108752,0,0,0,39337,7,10.03000009,1,1,1,1,1
734800,2,108753,0,0,0,1635,0,0.0,1,0,0,1,0
734803,2,108753,0,0,0,1631,0,0.0,1,0,0,1,0
734852,2,108761,0,0,1,13479,3,4.25,1,0,0,1,0
734854,2,108762,0,0,1,57022,13,20.29000032,3,3,1,1,1
734856,2,108762,0,0,1,5453,1,1.3899999859999999,1,1,1,1,1
734866,2,108764,0,0,1,11803,3,4.440000057,1,0,0,1,0
734881,2,108766,0,0,1,4259,1,1.570000052,1,1,1,1,1
734901,2,108770,0,0,1,1554,0,0.0,1,0,0,1,0
734903,2,108770,0,0,1,5323,1,1.289999962,1,1,1,1,1
734925,2,108774,1,0,0,5024,1,1.4099999669999999,1,1,1,1,1
734939,2,108776,1,0,0,104648,24,33.33000004,4,2,1,1,1
734968,2,108781,1,0,1,8504,3,3.340000093,1,1,1,1,1
734999,2,108786,1,0,1,20277,6,8.050000072000001,1,0,0,1,0
735014,2,108788,1,0,1,12403,4,5.210000038,1,1,1,1,1
735032,2,108791,1,0,1,498,0,0.0,1,1,1,1,1
735033,2,108792,1,0,1,652,0,0.0,0,0,0,0,0
735043,2,108793,1,0,1,1357,0,0.0,1,1,1,1,1
735048,2,108794,1,0,1,1393,0,0.0,1,0,0,1,0
735065,2,108797,2,0,0,648,0,0.0,1,0,0,1,0
735109,2,108804,2,0,1,708,0,0.0,1,1,1,1,1
735140,2,108809,2,0,1,6907,2,2.349999964,1,0,0,1,0
735143,2,108810,2,0,1,39035,13,19.32999957,1,0,0,1,0
735151,2,108811,2,0,1,926,0,0.0,1,0,0,1,0
735184,2,108817,2,0,1,4412,1,1.4500000480000002,1,0,0,1,0
735189,2,108818,2,0,1,9965,3,4.050000072,1,0,0,1,0
735213,2,108822,3,0,0,73634,23,32.97999978,1,0,0,1,0
735220,2,108823,3,0,0,69708,20,31.28999949,1,0,0,1,0
735242,2,108826,3,0,0,530,0,0.0,1,0,0,1,0
735247,2,108827,3,0,0,14257,6,8.789999962000001,1,0,0,1,0
735289,2,108834,3,0,1,20362,5,9.119999886,1,1,1,1,1
735290,2,108834,3,0,1,12215,4,6.26000011,1,0,0,1,0
735298,2,108836,3,0,1,85412,28,38.63999999,2,1,1,1,1
736869,2,109448,0,1,0,2338,1,0.239999995,1,0,0,1,0
736890,2,109451,0,1,0,2522,0,0.0,1,0,0,1,0
736893,2,109452,0,1,0,3587,0,0.0,1,0,0,1,0
736977,2,109470,0,1,1,1273,0,0.0,1,0,0,1,0
736988,2,109472,0,1,1,3891,1,1.090000033,1,0,0,1,0
736995,2,109473,0,1,1,1888,0,0.0,1,0,0,1,0
736997,2,109473,0,1,1,1895,0,0.0,1,0,0,1,0
737097,2,109498,1,1,0,715,0,0.0,1,0,0,1,0
737130,2,109507,1,1,0,11199,2,2.680000067,1,0,0,1,0
737320,2,109553,1,1,1,5676,2,3.00999999,1,0,0,1,0
737375,2,109565,2,1,0,1415,0,0.0,1,0,0,1,0
737524,2,109601,2,1,1,2148,1,1.580000043,1,1,1,1,1
737644,2,109629,3,1,0,45401,10,14.06000042,1,0,0,1,0
737657,2,109633,3,1,0,7478,2,2.900000095,1,1,1,1,1
737658,2,109633,3,1,0,4919,1,1.5900000330000001,1,0,0,1,0
737674,2,109637,3,1,0,533,0,0.0,1,1,1,1,1
737766,2,109659,3,1,1,1447,0,0.0,1,1,1,1,1
737896,2,109689,0,0,0,17553,3,4.590000153,1,0,0,1,0
737931,2,109698,0,0,0,3343,1,0.540000021,1,0,0,1,0
737961,2,109706,0,0,1,523,0,0.0,1,0,0,1,0
737995,2,109714,0,0,1,1873,0,0.0,1,0,0,1,0
738006,2,109717,0,0,1,34740,7,13.41000009,1,1,1,1,1
738067,2,109731,0,0,1,658,0,0.0,1,0,0,1,0
738098,2,109738,0,0,1,1539,0,0.0,1,0,0,1,0
738307,2,109788,1,0,1,3010,1,0.860000014,1,1,1,1,1
738389,2,109808,2,0,0,27081,9,10.77000046,1,1,1,1,1
738408,2,109813,2,0,0,20233,4,5.590000152999999,3,0,0,1,0
738413,2,109813,2,0,0,147159,36,58.16000044,3,1,1,1,1
738423,2,109816,2,0,0,21664,7,10.61999977,1,1,1,1,1
738436,2,109820,2,0,0,9112,4,5.4600000379999996,1,1,1,1,1
738463,2,109826,2,0,1,542,0,0.0,1,0,0,1,0
738528,2,109839,2,0,1,402,0,0.0,1,1,1,1,1
738560,2,109844,2,0,1,1338,0,0.0,1,0,0,1,0
738582,2,109848,3,0,0,46150,15,20.17999983,1,1,1,1,1
738592,2,109850,3,0,0,493821,116,176.3799977,4,1,1,1,1
738593,2,109850,3,0,0,92011,27,34.39000046,2,1,1,1,1
738598,2,109851,3,0,0,12956,4,5.49000001,1,1,1,1,1
738606,2,109852,3,0,0,529,0,0.0,1,0,0,1,0
738637,2,109857,3,0,1,944,1,1.419999957,1,0,0,1,0
738648,2,109859,3,0,1,111090,38,51.97000027,5,1,1,1,1
747212,2,110836,0,1,0,7208,2,3.1900000569999998,1,0,0,1,0
747213,2,110836,0,1,0,1746,0,0.0,1,0,0,1,0
747220,2,110837,0,1,0,2474,0,0.0,2,2,1,1,1
747222,2,110838,0,1,0,12489,2,1.9600000380000002,1,0,0,1,0
747223,2,110838,0,1,0,8032,1,0.600000024,2,0,0,1,0
747248,2,110842,0,1,1,472,0,0.0,1,1,1,1,1
747332,2,110856,0,1,1,792,0,0.0,1,1,1,1,1
747362,2,110861,1,1,0,4607,1,1.149999976,1,1,1,1,1
747369,2,110862,1,1,0,13355,2,3.180000067,1,1,1,1,1
747370,2,110862,1,1,0,2936,0,0.0,1,0,0,1,0
747401,2,110867,1,1,1,2793,1,0.9800000190000001,1,1,1,1,1
747435,2,110873,1,1,1,1032,0,0.0,1,0,0,1,0
747439,2,110874,1,1,1,1662,0,0.0,1,1,1,1,1
747489,2,110882,2,1,0,4016,2,1.480000049,1,1,1,1,1
747514,2,110886,2,1,0,14843,3,2.939999938,1,1,1,1,1
747645,2,110908,3,1,0,9674,3,4.600000024,1,1,1,1,1
747659,2,110910,3,1,0,12186,2,2.669999957,1,0,0,1,0
747675,2,110913,3,1,0,673,0,0.0,1,0,0,1,0
747678,2,110914,3,1,1,370,0,0.0,1,1,1,1,1
747712,2,110919,3,1,1,450,0,0.0,1,1,1,1,1
747790,2,110932,0,0,0,2077,0,0.0,1,1,1,1,1
747791,2,110932,0,0,0,31393,8,10.96000051,1,1,1,1,1
747795,2,110933,0,0,0,8410,2,2.359999895,1,1,1,1,1
747798,2,110934,0,0,0,25884,5,7.350000143,1,0,0,1,0
747824,2,110938,0,0,1,608,0,0.0,1,1,1,1,1
747828,2,110939,0,0,1,28488,10,9.340000032999999,1,0,0,1,0
747852,2,110943,0,0,1,10126,3,4.6199998860000004,1,0,0,1,0
747859,2,110944,0,0,1,22572,5,8.5,1,0,0,1,0
747863,2,110944,0,0,1,1955,0,0.0,1,1,1,1,1
747879,2,110947,0,0,1,493,0,0.0,1,0,0,1,0
747903,2,110951,0,0,1,1491,0,0.0,1,1,1,1,1
747911,2,110952,0,0,1,1495,0,0.0,1,1,1,1,1
747968,2,110962,1,0,1,512,0,0.0,0,0,0,0,0
747991,2,110966,1,0,1,4868,2,2.420000076,1,0,0,1,0
748000,2,110967,1,0,1,6585,2,2.950000048,1,0,0,1,0
748007,2,110968,1,0,1,10164,2,3.720000029,1,1,1,1,1
748014,2,110970,1,0,1,11182,4,4.4499998089999995,1,0,0,1,0
748045,2,110975,1,0,1,1238,0,0.0,1,0,0,1,0
748086,2,110982,2,0,0,34127,8,13.07000017,1,0,0,1,0
748087,2,110982,2,0,0,29466,7,10.84999967,2,0,0,1,0
748089,2,110982,2,0,0,38759,9,10.84999967,1,0,0,1,0
748091,2,110982,2,0,0,41720,10,12.06000006,1,1,1,1,1
748225,2,111005,3,0,0,18602,5,8.860000134,1,0,0,1,0
748230,2,111006,3,0,0,83929,21,27.72999954,4,1,1,1,1
748231,2,111006,3,0,0,25194,6,7.349999905,1,0,0,1,0
748233,2,111006,3,0,0,78627,19,26.53000045,1,0,0,1,0
748235,2,111006,3,0,0,102695,25,39.42999983,3,0,0,1,0
748294,2,111016,3,0,1,82827,24,47.93000031,3,0,0,1,0
748295,2,111016,3,0,1,9240,3,6.0399999620000004,1,0,0,1,0
748303,2,111018,3,0,1,7706,2,2.369999886,1,0,0,1,0
748314,2,111020,3,0,1,7821,4,6.340000152999999,1,1,1,1,1
748341,2,111024,3,0,1,1363,0,0.0,1,1,1,1,1
776318,2,115484,3,0,0,3569,0,0.0,1,1,1,1,1
776322,2,115485,3,0,0,119063,34,53.21999949,1,0,0,1,0
776323,2,115485,3,0,0,99078,23,35.79999948,2,0,0,1,0
776325,2,115485,3,0,0,452398,114,180.22000119999998,1,0,0,1,0
776334,2,115487,3,0,0,191223,48,76.41000056,1,0,0,1,0
776336,2,115487,3,0,0,22216,6,9.549999952,1,0,0,1,0
776338,2,115487,3,0,0,48291,11,18.01999998,1,0,0,1,0
776353,2,115490,2,0,1,27559,8,13.37,1,0,0,1,0
776373,2,115493,3,0,1,10194,4,4.590000033,2,1,1,1,1
776383,2,115495,3,0,1,1168,0,0.0,1,1,1,1,1
776405,2,115498,3,0,1,40126,16,25.86000001,1,0,0,1,0
776416,2,115500,3,0,0,3659,1,0.49000001,1,1,1,1,1
776430,2,115503,0,1,0,3200,0,0.0,1,0,0,1,0
776464,2,115508,3,0,1,7550,1,1.679999948,1,1,1,1,1
776469,2,115509,3,0,1,45397,15,25.41999936,1,1,1,1,1
776473,2,115510,0,1,0,23086,2,3.310000062,1,1,1,1,1
776475,2,115510,0,1,0,16425,1,1.5499999519999998,1,0,0,1,0
776476,2,115510,0,1,0,43756,5,5.439999938,0,0,0,0,0
776477,2,115510,0,1,0,9982,0,0.0,1,0,0,1,0
776489,2,115512,3,0,1,175389,55,81.60999787,1,0,0,1,0
776494,2,115513,0,1,0,7015,0,0.0,1,0,0,1,0
776515,2,115517,3,0,1,12706,3,4.98999989,1,1,1,1,1
776519,2,115517,3,0,1,70702,20,31.709999800000002,1,0,0,1,0
776533,2,115520,3,0,1,63927,16,25.52000046,2,0,0,1,0
776534,2,115520,3,0,1,15105,3,4.25999999,1,0,0,1,0
776538,2,115521,0,0,0,8774,1,1.830000043,1,0,0,1,0
776551,2,115523,0,0,0,14459,1,1.3899999859999999,1,0,0,1,0
776552,2,115523,0,0,0,21596,2,2.8099999430000002,1,0,0,1,0
776553,2,115523,0,0,0,66765,8,11.04999971,1,0,0,1,0
776563,2,115525,0,0,0,1369,0,0.0,1,1,1,1,1
776579,2,115527,0,0,0,26910,5,7.229999781,1,0,0,1,0
776603,2,115531,0,0,0,506,0,0.0,1,0,0,1,0
776615,2,115533,3,1,1,11988,3,4.269999862,1,0,0,1,0
776623,2,115535,3,1,1,19353,6,9.479999900000001,1,1,1,1,1
776631,2,115536,2,1,1,10960,2,2.890000105,1,0,0,1,0
776643,2,115538,0,1,0,33491,6,10.56999969,2,1,1,1,1
776644,2,115538,0,1,0,20083,2,3.200000048,2,1,1,1,1
776659,2,115541,0,1,0,8817,0,0.0,1,1,1,1,1
776661,2,115541,0,1,0,15466,1,0.970000029,1,0,0,1,0
776662,2,115541,0,1,0,27072,3,4.370000005,1,0,0,1,0
776663,2,115541,0,1,0,15753,1,0.5699999929999999,1,1,1,1,1
776668,2,115542,2,1,0,3523,1,1.8099999430000002,1,1,1,1,1
776685,2,115545,2,1,0,7745,0,0.0,1,0,0,1,0
776686,2,115545,2,1,0,18709,2,3.319999933,1,0,0,1,0
776687,2,115545,2,1,0,8022,0,0.0,2,1,1,1,1
776696,2,115547,0,1,0,7966,1,1.179999948,1,1,1,1,1
776697,2,115547,0,1,0,4132,0,0.0,1,1,1,1,1
776698,2,115547,0,1,0,12785,3,4.730000018999999,2,1,1,1,1
776699,2,115547,0,1,0,8213,1,1.379999995,1,1,1,1,1
776722,2,115551,0,1,0,545,0,0.0,1,1,1,1,1
776725,2,115552,2,1,1,2479,1,1.25999999,1,0,0,1,0
776780,2,115561,2,1,0,3812,2,3.049999952,1,0,0,1,0
776793,2,115563,3,1,1,1609,0,0.0,1,0,0,1,0
776799,2,115564,3,1,0,10257,3,3.5799999239999996,1,1,1,1,1
776817,2,115567,2,1,0,12356,4,6.2799999710000005,1,0,0,1,0
776825,2,115568,3,1,0,7410,1,1.210000038,1,0,0,1,0
776829,2,115569,3,1,0,140098,28,46.63000011,1,0,0,1,0
776831,2,115569,3,1,0,107021,20,34.44000012,1,0,0,1,0
776840,2,115571,1,1,1,2797,1,1.289999962,1,0,0,1,0
776861,2,115574,3,1,0,16461,6,9.21999979,1,0,0,1,0
776892,2,115580,2,1,1,17488,5,7.719999908999999,1,0,0,1,0
776928,2,115586,1,1,0,9750,2,1.5,1,1,1,1,1
776935,2,115587,3,1,1,1136,0,0.0,1,1,1,1,1
777105,2,115615,3,1,1,4333,1,0.180000007,1,1,1,1,1
777130,2,115619,1,1,0,6260,0,0.0,1,0,0,1,0
777131,2,115619,1,1,0,6359,0,0.0,1,0,0,1,0
777166,2,115625,0,1,1,2383,0,0.0,1,1,1,1,1
777187,2,115629,2,1,1,11292,3,5.389999866,1,1,1,1,1
777198,2,115631,0,1,1,12729,4,5.779999852,1,0,0,1,0
777200,2,115631,0,1,1,1898,0,0.0,1,1,1,1,1
777201,2,115631,0,1,1,1882,0,0.0,1,1,1,1,1
777235,2,115637,0,1,1,2883,1,0.99000001,1,1,1,1,1
777248,2,115639,0,0,0,3989,1,1.2799999709999998,1,0,0,1,0
777261,2,115641,2,1,1,19603,4,5.2799999710000005,1,1,1,1,1
777382,2,115675,2,1,1,3047,1,1.379999995,1,0,0,1,0
777398,2,115677,1,1,1,3029,1,1.049999952,1,1,1,1,1
777410,2,115679,3,1,1,3490,1,1.340000033,1,1,1,1,1
777482,2,115691,3,1,1,2479,0,0.0,1,0,0,1,0
777495,2,115693,2,1,0,19581,7,10.42999983,2,0,0,1,0
777519,2,115697,3,1,1,19537,5,6.099999905,1,0,0,1,0
777625,2,115715,3,1,0,59433,12,19.65999949,3,0,0,1,0
777627,2,115715,3,1,0,157534,33,56.19000077,2,0,0,1,0
777638,2,115717,2,1,0,1781,0,0.0,1,1,1,1,1
777670,2,115723,2,1,0,23769,4,6.029999852,1,0,0,1,0
777673,2,115723,2,1,0,7101,0,0.0,1,0,0,1,0
777742,2,115735,1,1,1,4726,1,1.830000043,1,1,1,1,1
777758,2,115737,0,1,0,5209,1,0.9599999790000001,2,0,0,1,0
777794,2,115743,0,1,0,13473,3,2.619999945,3,0,0,1,0
777816,2,115747,2,1,0,500,0,0.0,1,1,1,1,1
777871,2,115756,0,1,0,4616,1,1.3600000140000001,1,0,0,1,0
777904,2,115762,0,1,1,3279,0,0.0,1,0,0,1,0
777905,2,115762,0,1,1,3288,0,0.0,1,0,0,1,0
778037,2,115784,1,1,1,14615,4,6.0500001910000005,1,0,0,1,0
778048,2,115786,0,1,1,56615,12,19.88000035,2,0,0,1,0
778085,2,115792,0,1,1,11735,3,4.5299999710000005,1,1,1,1,1
778087,2,115792,0,1,1,15910,5,6.779999852,1,0,0,1,0
778112,2,115796,1,1,1,11446,2,3.090000033,1,1,1,1,1
778113,2,115796,1,1,1,4595,0,0.0,1,0,0,1,0
778124,2,115798,0,1,1,4871,0,0.0,1,0,0,1,0
778148,2,115802,1,1,1,3199,0,0.0,1,0,0,1,0
778156,2,115804,0,1,1,9388,2,3.140000105,1,0,0,1,0
778161,2,115804,0,1,1,17954,6,7.540000200000001,2,1,1,1,1
778208,2,115812,2,0,1,2755,0,0.0,1,0,0,1,0
778264,2,115822,2,0,1,8152,1,0.99000001,1,0,0,1,0
778266,2,115822,2,0,1,74542,19,34.1500001,1,0,0,1,0
778421,2,115848,2,0,0,6699,2,3.090000033,1,0,0,1,0
778422,2,115848,2,0,0,11911,4,3.959999919,1,0,0,1,0
778461,2,115854,2,1,1,10090,2,2.650000095,1,1,1,1,1
778471,2,115856,0,1,1,1273,0,0.0,1,1,1,1,1
778483,2,115858,2,0,0,24188,5,8.179999828,1,0,0,1,0
778529,2,115866,0,1,1,2214,0,0.0,1,0,0,1,0
778556,2,115870,2,1,1,9735,4,4.1300001139999996,1,1,1,1,1
778590,2,115876,0,1,1,1371,0,0.0,1,1,1,1,1
778600,2,115878,2,0,1,10750,4,5.389999866,1,0,0,1,0
778626,2,115882,0,1,1,7629,1,0.720000029,1,1,1,1,1
778628,2,115882,0,1,1,4608,0,0.0,1,0,0,1,0
778674,2,115890,1,1,1,3732,0,0.0,1,0,0,1,0
778689,2,115892,0,1,1,7453,1,1.679999948,1,1,1,1,1
778722,2,115898,1,0,1,41785,14,19.10000038,1,0,0,1,0
778737,2,115900,1,1,1,8077,2,3.5799999239999996,1,1,1,1,1
778756,2,115904,1,0,1,5602,1,1.580000043,1,0,0,1,0
778804,2,115912,0,1,1,6184,2,2.75,1,1,1,1,1
778808,2,115912,0,1,1,1738,0,0.0,1,0,0,1,0
778964,2,115938,1,0,1,112460,25,41.29000068,1,0,0,1,0
779057,2,115954,2,1,0,4414,0,0.0,1,0,0,1,0
779106,2,115962,1,0,1,14670,7,9.410000324,1,0,0,1,0
779438,2,116031,0,0,1,33144,9,13.40999985,1,0,0,1,0
779453,2,116033,3,1,1,4397,1,0.949999988,1,0,0,1,0
779488,2,116039,3,1,1,1006,0,0.0,1,0,0,1,0
779573,2,116053,1,0,0,89527,24,32.28999996,1,0,0,1,0
779608,2,116059,1,0,0,2459,0,0.0,1,0,0,1,0
779609,2,116059,1,0,0,7116,2,1.730000019,1,1,1,1,1
779622,2,116061,0,0,0,8613,1,0.889999986,2,0,0,1,0
779631,2,116063,1,0,0,9730,1,1.379999995,1,0,0,1,0
779644,2,116065,0,0,0,51816,8,10.229999900000001,2,1,1,1,1
779645,2,116065,0,0,0,27289,3,4.429999828,1,0,0,1,0
779715,2,116077,0,0,1,20409,4,3.8299999239999996,1,0,0,1,0
779716,2,116077,0,0,1,8044,1,1.1100000140000001,1,0,0,1,0
779738,2,116081,0,0,1,15645,4,5.349999905,1,0,0,1,0
779778,2,116087,0,0,1,2466,0,0.0,2,2,1,1,1
779789,2,116089,3,1,0,11611,3,3.950000048,1,1,1,1,1
779824,2,116095,3,1,0,9375,3,4.019999981000001,1,0,0,1,0
779871,2,116103,0,0,1,4402,1,1.330000043,1,1,1,1,1
779918,2,116111,0,0,0,8469,2,3.089999914,1,0,0,1,0
779922,2,116111,0,0,0,5823,1,1.419999957,1,1,1,1,1
779944,2,116115,1,1,0,2549,0,0.0,1,0,0,1,0
779979,2,116121,1,1,0,25817,4,6.019999981000001,1,0,0,1,0
779995,2,116123,0,0,0,1961,0,0.0,1,0,0,1,0
780064,2,116135,0,0,1,2554,0,0.0,1,0,0,1,0
780104,2,116147,0,0,1,4971,1,1.230000019,1,1,1,1,1
780199,2,116163,1,0,1,1030,0,0.0,1,1,1,1,1
780318,2,116183,3,0,1,162341,56,77.07999969,3,0,0,1,0
780323,2,116183,3,0,1,24542,7,9.329999924,1,0,0,1,0
780486,2,116216,0,0,1,2879,0,0.0,1,1,1,1,1
780498,2,116218,0,0,1,13621,3,4.090000033,1,0,0,1,0
780511,2,116220,0,0,1,6175,1,1.370000005,2,1,1,1,1
780629,2,116240,0,0,1,2963,0,0.0,1,0,0,1,0
780653,2,116244,0,0,1,9076,1,1.379999995,1,1,1,1,1
780655,2,116244,0,0,1,20941,4,5.909999967,1,1,1,1,1
780666,2,116246,3,0,0,3462,0,0.0,1,0,0,1,0
780681,2,116248,0,0,1,4073,0,0.0,1,1,1,1,1
780700,2,116252,0,0,1,3745,0,0.0,1,0,0,1,0
780748,2,116265,0,0,1,830,0,0.0,1,0,0,1,0
780759,2,116267,3,0,0,2912,0,0.0,1,0,0,1,0
780760,2,116267,3,0,0,17167,5,6.910000086,1,0,0,1,0
780797,2,116273,0,0,1,24491,7,9.539999962000001,1,0,0,1,0
780799,2,116273,0,0,1,44699,13,17.30000037,2,0,0,1,0
780821,2,116277,0,0,1,6469,2,1.309999943,1,0,0,1,0
780830,2,116279,3,0,0,16053,3,4.079999924,1,1,1,1,1
780835,2,116279,3,0,0,54724,12,17.92999995,1,1,1,1,1
780867,2,116285,0,0,1,4706,1,1.2200000290000002,1,0,0,1,0
780974,2,116303,2,0,1,8316,3,4.569999933,1,1,1,1,1
781066,2,116323,2,0,1,5794,2,2.269999981,1,0,0,1,0
781114,2,116331,2,0,0,4813,1,1.0299999709999998,1,0,0,1,0
781159,2,116339,2,0,0,85285,26,36.13000035,1,0,0,1,0
781162,2,116339,2,0,0,5839,1,1.370000005,1,0,0,1,0
781175,2,116341,2,0,0,5859,1,1.5399999619999998,1,0,0,1,0
781187,2,116343,2,0,0,164118,41,59.06999993,1,0,0,1,0
781195,2,116345,1,0,1,18234,6,7.810000062,1,0,0,1,0
781207,2,116347,1,0,1,2755,0,0.0,1,0,0,1,0
781303,2,116363,1,0,1,73676,20,28.5,1,0,0,1,0
781305,2,116363,1,0,1,18421,7,10.07999992,1,0,0,1,0
781327,2,116367,1,0,1,164754,49,67.97999978,2,1,1,1,1
781353,2,116371,1,0,0,7449,1,1.6399999859999999,1,1,1,1,1
781354,2,116371,1,0,0,6424,1,0.5299999710000001,1,0,0,1,0
781438,2,116385,0,1,1,2086,0,0.0,1,0,0,1,0
781470,2,116391,1,1,0,6016,0,0.0,1,0,0,1,0
781499,2,116395,1,1,0,6412,1,1.370000005,1,0,0,1,0
781508,2,116397,0,0,1,5040,1,1.4400000569999998,1,0,0,1,0
781556,2,116405,0,0,1,1772,0,0.0,1,0,0,1,0
781559,2,116405,0,0,1,1783,0,0.0,1,0,0,1,0
781606,2,116413,1,1,0,8200,3,3.919999957,1,0,0,1,0
781690,2,116427,3,0,1,115896,38,49.44000006,1,0,0,1,0
781811,2,116447,1,0,0,10186,1,1.230000019,1,1,1,1,1
781857,2,116455,0,1,0,9134,3,4.180000067,2,0,0,1,0
781858,2,116455,0,1,0,3385,1,1.4400000569999998,1,1,1,1,1
781907,2,116463,3,0,1,1314,0,0.0,1,0,0,1,0
781928,2,116467,0,1,0,2916,0,0.0,1,1,1,1,1
781929,2,116467,0,1,0,6142,1,1.330000043,1,0,0,1,0
781950,2,116471,0,0,0,1984,0,0.0,1,0,0,1,0
781999,2,116479,0,1,1,9142,3,3.7499998810000004,1,0,0,1,0
782001,2,116479,0,1,1,5475,2,2.7300000189999998,1,1,1,1,1
782022,2,116483,0,0,0,8254,2,2.3200000519999997,1,1,1,1,1
782026,2,116483,0,0,0,5704,1,1.320000052,1,0,0,1,0
782130,2,116501,0,0,0,7301,0,0.0,1,0,0,1,0
782134,2,116501,0,0,0,37873,5,6.169999957000001,1,1,1,1,1
782135,2,116501,0,0,0,25267,4,4.940000057,2,1,1,1,1
782171,2,116507,0,0,1,535,0,0.0,1,0,0,1,0
782180,2,116509,0,1,1,3396,0,0.0,1,0,0,1,0
782219,2,116515,0,1,1,977,0,0.0,1,0,0,1,0
782228,2,116517,2,0,1,12318,5,6.340000152999999,1,1,1,1,1
782242,2,116519,0,0,1,4783,1,0.860000014,1,0,0,1,0
782275,2,116525,0,0,1,6475,1,1.350000024,1,0,0,1,0
782337,2,116535,3,0,0,104578,29,39.25000095,1,1,1,1,1
782407,2,116547,3,0,0,33664,11,12.51000035,1,0,0,1,0
782443,2,116553,2,0,0,979,0,0.0,1,0,0,1,0
782541,2,116569,2,0,1,7337,3,4.079999924,1,0,0,1,0
782587,2,116577,0,1,0,2499,0,0.0,1,0,0,1,0
782647,2,116587,2,0,1,11244,3,4.5500001910000005,1,0,0,1,0
782658,2,116589,0,1,0,4827,0,0.0,1,0,0,1,0
782694,2,116595,1,0,1,29035,7,8.910000086,2,2,1,1,1
782706,2,116597,1,0,1,761,0,0.0,1,0,0,1,0
782754,2,116605,1,0,1,6532,1,1.6100000140000001,1,0,0,1,0
782815,2,116615,2,0,0,11537,3,4.3000001910000005,1,0,0,1,0
782816,2,116615,2,0,0,12183,3,2.869999945,1,0,0,1,0
782862,2,116623,1,0,1,5912,1,1.5599999430000002,1,1,1,1,1
950068,2,123438,0,1,0,4012,1,1.570000052,1,0,0,1,0
950078,2,123440,0,1,0,12396,2,3.210000038,2,1,1,1,1
950079,2,123440,0,1,0,3142,0,0.0,2,2,1,1,1
950099,2,123443,0,1,0,1120,0,0.0,1,0,0,1,0
950109,2,123445,0,1,0,343,0,0.0,1,1,1,1,1
950170,2,123455,0,1,0,1720,0,0.0,1,1,1,1,1
950179,2,123457,0,1,0,3423,0,0.0,1,1,1,1,1
950182,2,123457,0,1,0,3242,0,0.0,1,0,0,1,0
950183,2,123457,0,1,0,15720,1,1.379999995,1,0,0,1,0
950200,2,123460,0,1,0,1217,0,0.0,1,1,1,1,1
950224,2,123464,2,1,0,2367,2,2.839999914,1,1,1,1,1
950326,2,123481,1,1,0,6607,1,1.320000052,2,0,0,1,0
950345,2,123484,0,1,1,616,0,0.0,1,0,0,1,0
950452,2,123502,3,1,0,5537,1,1.519999981,1,0,0,1,0
950463,2,123504,3,1,0,818,0,0.0,1,0,0,1,0
950495,2,123509,3,1,1,1909,1,0.9800000190000001,1,0,0,1,0
950521,2,123514,0,1,1,351,0,0.0,1,0,0,1,0
950531,2,123515,3,1,1,572,0,0.0,1,0,0,1,0
950537,2,123516,2,1,1,1884,1,1.4099999669999999,1,0,0,1,0
950550,2,123519,0,1,1,219,0,0.0,1,0,0,1,0
950577,2,123523,0,1,1,540,0,0.0,1,1,1,1,1
950578,2,123523,0,1,1,550,0,0.0,1,0,0,1,0
950595,2,123526,0,1,1,465,0,0.0,1,0,0,1,0
950609,2,123528,0,1,1,1761,0,0.0,1,1,1,1,1
950629,2,123532,0,1,1,152,0,0.0,1,1,1,1,1
950631,2,123532,0,1,1,152,0,0.0,1,1,1,1,1
950649,2,123535,0,1,1,429,0,0.0,1,0,0,1,0
950745,2,123551,0,1,1,1514,0,0.0,2,2,1,1,1
950770,2,123555,0,1,1,7780,3,4.329999924,2,2,1,1,1
950772,2,123556,1,1,1,460,0,0.0,1,0,0,1,0
950773,2,123556,1,1,1,471,0,0.0,1,0,0,1,0
950776,2,123556,1,1,1,2633,1,1.070000052,1,0,0,1,0
950787,2,123558,0,1,1,199,0,0.0,1,0,0,1,0
950808,2,123562,1,1,1,398,0,0.0,1,0,0,1,0
950839,2,123567,0,1,1,246,0,0.0,2,2,1,1,1
950878,2,123573,2,1,0,2967,1,1.5,1,1,1,1,1
950969,2,123588,3,1,1,255,0,0.0,1,0,0,1,0
951021,2,123597,0,0,0,457,0,0.0,1,1,1,1,1
951033,2,123599,0,0,0,5517,1,1.230000019,1,0,0,1,0
951035,2,123599,0,0,0,1539,0,0.0,1,1,1,1,1
951043,2,123601,0,0,0,3189,0,0.0,1,0,0,1,0
951045,2,123601,0,0,0,3348,0,0.0,1,0,0,1,0
951046,2,123601,0,0,0,20050,4,4.659999847,4,1,1,1,1
951102,2,123611,3,1,0,2254,0,0.0,1,0,0,1,0
951105,2,123611,3,1,0,5894,1,1.5399999619999998,1,1,1,1,1
951133,2,123616,1,1,0,9948,2,2.720000029,2,0,0,1,0
951202,2,123627,3,0,1,5307,3,4.289999962,2,1,1,1,1
951225,2,123631,1,0,1,4621,2,3.25,1,1,1,1,1
951270,2,123639,1,0,0,784,0,0.0,1,1,1,1,1
951282,2,123641,1,0,0,5775,1,1.580000043,1,1,1,1,1
951285,2,123641,1,0,0,9297,2,2.619999886,2,1,1,1,1
951294,2,123643,1,0,0,699,0,0.0,1,0,0,1,0
951305,2,123644,1,0,0,1104,0,0.0,1,0,0,1,0
951334,2,123649,0,0,1,3717,1,1.5399999619999998,1,0,0,1,0
951391,2,123659,0,0,1,2879,1,1.5900000330000001,2,2,1,1,1
951392,2,123659,0,0,1,2749,1,1.3899999859999999,1,0,0,1,0
951400,2,123660,3,0,0,24028,9,12.39000034,2,0,0,1,0
951402,2,123661,0,0,1,1118,0,0.0,1,1,1,1,1
951413,2,123662,0,0,1,1083,0,0.0,2,1,1,1,1
951420,2,123664,0,0,1,843,0,0.0,1,0,0,1,0
951444,2,123668,0,0,1,2983,1,0.970000029,1,0,0,1,0
951448,2,123668,0,0,1,696,0,0.0,1,0,0,1,0
951462,2,123671,3,0,0,7589,2,3.150000095,1,1,1,1,1
951464,2,123671,3,0,0,20997,10,11.94999981,1,0,0,1,0
951465,2,123671,3,0,0,4617,1,1.3600000140000001,1,0,0,1,0
951498,2,123677,3,0,0,259,0,0.0,1,0,0,1,0
951508,2,123678,0,0,0,1134,0,0.0,1,0,0,1,0
951542,2,123684,2,0,1,357,0,0.0,1,0,0,1,0
951607,2,123695,2,0,0,848,0,0.0,1,1,1,1,1
951608,2,123695,2,0,0,3149,1,1.480000019,1,0,0,1,0
951641,2,123700,2,0,0,87,0,0.0,1,1,1,1,1
951677,2,123706,1,0,1,2563,1,1.480000019,1,0,0,1,0
951692,2,123709,1,0,0,1107,0,0.0,1,0,0,1,0
951715,2,123713,3,0,1,10677,5,7.269999981000001,1,0,0,1,0
951756,2,123720,1,0,1,2189,1,0.40999999600000003,1,0,0,1,0
951779,2,123723,3,0,1,3277,2,2.680000067,1,0,0,1,0
951782,2,123724,3,0,1,781,0,0.0,1,0,0,1,0
951810,2,123729,1,0,0,2226,0,0.0,1,0,0,1,0
951812,2,123729,1,0,0,16274,4,6.079999924,2,0,0,1,0
951837,2,123733,3,0,0,2077,1,1.50999999,1,1,1,1,1
951853,2,123736,0,0,0,529,0,0.0,0,0,0,0,0
951854,2,123736,0,0,0,487,0,0.0,1,0,0,1,0
951856,2,123736,0,0,0,4626,2,2.099999905,2,0,0,1,0
951941,2,123750,0,0,1,2764,1,1.5599999430000002,1,1,1,1,1
952001,2,123760,3,0,0,5447,2,2.960000038,1,0,0,1,0
952031,2,123765,2,0,0,28169,8,12.36999989,1,1,1,1,1
952080,2,123774,2,0,1,415,0,0.0,1,0,0,1,0
952100,2,123777,1,0,1,810,0,0.0,1,1,1,1,1
1121091,3,144531,0,1,0,1194718,141,254.049996,28,14,1,1,1
1121092,3,144531,0,1,0,637648,67,122.4,13,5,1,1,1
1121094,3,144531,0,1,0,24362,0,0.0,1,1,1,1,1
1121095,3,144531,0,1,0,459690,50,86.33000112,5,2,1,1,1
1121096,3,144531,0,1,0,750060,86,161.9099991,11,2,1,1,1
1121097,3,144532,0,1,0,30068,1,1.820000052,1,0,0,1,0
1121098,3,144532,0,1,0,1267550,123,236.7699986,24,10,1,1,1
1121100,3,144532,0,1,0,3052003,340,639.9499981,60,17,1,1,1
1121101,3,144532,0,1,0,29945,1,1.5900000330000001,2,1,1,1,1
1121102,3,144532,0,1,0,357856,30,52.97000015,7,3,1,1,1
1121104,3,144533,0,1,0,2080666,202,360.15000150000003,40,21,1,1,1
1121105,3,144533,0,1,0,145999,9,16.520000099999997,5,2,1,1,1
1121107,3,144533,0,1,0,32616,1,1.5399999619999998,2,0,0,1,0
1121108,3,144533,0,1,0,984521,95,163.89999719999997,26,14,1,1,1
1121110,3,144534,0,1,0,880814,123,210.3600006,6,2,1,1,1
1121111,3,144534,0,1,0,182452,20,35.73000026,4,1,1,1,1
1121113,3,144534,0,1,0,894911,120,215.83999939999998,7,4,1,1,1
1121114,3,144534,0,1,0,31349,2,3.800000072,1,0,0,1,0
1121115,3,144535,0,1,0,410310,55,96.80000055,3,0,0,1,0
1121116,3,144535,0,1,0,572450,89,157.329998,7,4,1,1,1
1121117,3,144535,0,1,0,98759,15,26.56999946,1,1,1,1,1
1121119,3,144535,0,1,0,345371,54,93.08999991,7,3,1,1,1
1121121,3,144536,0,1,0,323899,46,78.9200002,5,1,1,1,1
1121122,3,144536,0,1,0,399199,58,103.1500002,3,0,0,1,0
1121123,3,144536,0,1,0,171202,22,36.53000021,3,1,1,1,1
1121124,3,144536,0,1,0,128386,15,28.85000002,2,1,1,1,1
1121125,3,144536,0,1,0,1034284,152,257.7099986,20,9,1,1,1
1121126,3,144536,0,1,0,45923,5,7.220000148,2,0,0,1,0
1121127,3,144537,0,1,1,40873,4,7.899999976,2,1,1,1,1
1121128,3,144537,0,1,1,286553,34,62.06000042,2,1,1,1,1
1121129,3,144537,0,1,1,20618,1,2.099999905,2,1,1,1,1
1121131,3,144537,0,1,1,83591,7,14.14000046,2,2,1,1,1
1121132,3,144537,0,1,1,114923,12,23.73000026,4,2,1,1,1
1121133,3,144538,0,1,1,25002,1,1.7100000380000002,1,0,0,1,0
1121134,3,144538,0,1,1,68905,5,9.440000057,1,0,0,1,0
1121136,3,144538,0,1,1,169588,16,27.79999924,1,0,0,1,0
1121138,3,144538,0,1,1,328991,35,67.65000057,5,2,1,1,1
1121141,3,144539,0,1,1,23198,2,2.9800000189999998,1,0,0,1,0
1121142,3,144539,0,1,1,26890,2,3.24000001,1,0,0,1,0
1121143,3,144539,0,1,1,221695,31,52.26000011,5,2,1,1,1
1121152,3,144541,0,1,1,88443,7,13.0400002,1,1,1,1,1
1121153,3,144541,0,1,1,187856,23,38.38999975,5,1,1,1,1
1121164,3,144545,0,1,1,570699,80,138.7699997,9,2,1,1,1
1121167,3,144545,0,1,1,1063508,145,260.3800013,23,7,1,1,1
1121168,3,144545,0,1,1,50523,6,8.549999952,1,0,0,1,0
1121172,3,144547,0,1,1,87935,9,15.63000023,1,0,0,1,0
1121173,3,144547,0,1,1,278225,33,60.19999957,3,0,0,1,0
1121175,3,144547,0,1,1,209461,20,34.19000006,1,0,0,1,0
1121177,3,144547,0,1,1,26316,2,3.24000001,3,0,0,1,0
1121181,3,144549,0,1,1,41030,3,5.140000105,2,1,1,1,1
1121182,3,144549,0,1,1,876671,120,216.5599982,22,4,1,1,1
1121183,3,144549,0,1,1,399392,53,93.07000041,5,0,0,1,0
1121184,3,144549,0,1,1,283858,30,56.05999923,1,0,0,1,0
1121185,3,144549,0,1,1,260699,31,54.09999871,5,2,1,1,1
1121193,3,144552,0,1,1,57781,5,7.8000000720000005,2,1,1,1,1
1121195,3,144552,0,1,1,38757,3,5.2200000289999995,1,0,0,1,0
1121196,3,144552,0,1,1,1392288,206,358.5500029,31,7,1,1,1
1121197,3,144552,0,1,1,1109387,159,280.9899995,13,2,1,1,1
1121202,3,144554,0,1,1,581281,65,115.12000079999999,10,5,1,1,1
1121203,3,144554,0,1,1,1048861,128,219.770002,22,8,1,1,1
1121205,3,144554,0,1,1,297452,30,52.01999986,4,1,1,1,1
1121206,3,144554,0,1,1,227925,22,35.30999994,22,12,1,1,1
1121207,3,144554,0,1,1,374175,38,63.32000101,8,3,1,1,1
1121211,3,144556,0,1,1,223586,32,54.24000037,1,0,0,1,0
1121213,3,144556,0,1,1,283170,39,65.22999996,2,1,1,1,1
1121215,3,144556,0,1,1,41636,3,4.210000038,1,0,0,1,0
1121216,3,144556,0,1,1,198658,30,48.60999978,8,1,1,1,1
1121220,3,144558,0,1,1,100596,10,13.91999972,4,2,1,1,1
1121223,3,144558,0,1,1,64020,5,11.059999699999999,1,0,0,1,0
1121224,3,144558,0,1,1,14289,0,0.0,1,0,0,1,0
1121229,3,144561,0,1,1,404866,43,87.42000079,4,0,0,1,0
1121231,3,144561,0,1,1,22256,1,1.6599999669999999,1,1,1,1,1
1121233,3,144561,0,1,1,57690,4,6.74000001,1,0,0,1,0
1121241,3,144562,0,1,1,24952,5,8.220000267,3,2,1,1,1
1121242,3,144562,0,1,1,38900,3,5.580000042999999,1,0,0,1,0
1121243,3,144562,0,1,1,53520,6,9.229999900000001,1,1,1,1,1
1121244,3,144562,0,1,1,181683,20,34.22999972,2,1,1,1,1
1121245,3,144562,0,1,1,29185,2,3.149999976,1,0,0,1,0
1121246,3,144562,0,1,1,105047,13,20.209999399999997,3,1,1,1,1
1121250,3,144565,0,1,1,287976,31,59.43999982,3,2,1,1,1
1121251,3,144565,0,1,1,212175,22,38.58999968,2,1,1,1,1
1121252,3,144565,0,1,1,11139,0,0.0,1,1,1,1,1
1121254,3,144565,0,1,1,124005,11,21.84999979,4,1,1,1,1
1121255,3,144565,0,1,1,20423,1,1.9600000380000002,1,0,0,1,0
1121261,3,144567,0,1,1,103001,14,22.32000005,1,0,0,1,0
1121262,3,144567,0,1,1,447420,66,110.23999909999999,7,2,1,1,1
1121263,3,144567,0,1,1,156101,19,29.75000048,2,2,1,1,1
1121264,3,144567,0,1,1,93015,12,18.47000015,1,0,0,1,0
1121265,3,144568,0,1,1,145398,23,36.24000025,1,0,0,1,0
1121269,3,144568,0,1,1,296413,50,76.43999958,3,1,1,1,1
1121273,3,144569,0,1,0,9370,0,0.0,1,1,1,1,1
1121274,3,144569,0,1,0,63785,7,11.80000019,6,2,1,1,1
1121275,3,144569,0,1,0,118522,14,26.81999981,2,1,1,1,1
1121276,3,144569,0,1,0,240123,38,65.67000115,5,4,1,1,1
1121277,3,144570,0,1,0,169108,20,32.24000025,2,1,1,1,1
1121278,3,144570,0,1,0,1044442,142,245.59999989999997,22,8,1,1,1
1121279,3,144570,0,1,0,93891,11,17.6400001,5,3,1,1,1
1121282,3,144570,0,1,0,185823,25,38.54999936,4,1,1,1,1
1121284,3,144571,0,1,1,175631,23,40.75999951,1,0,0,1,0
1121285,3,144571,0,1,1,37187,4,6.370000005,1,0,0,1,0
1121286,3,144571,0,1,1,10991,0,0.0,1,0,0,1,0
1121287,3,144571,0,1,1,344618,51,89.76000047,3,1,1,1,1
1121289,3,144572,1,1,0,98066,9,16.1500001,1,0,0,1,0
1121290,3,144572,1,1,0,770749,100,189.1299984,13,3,1,1,1
1121291,3,144572,1,1,0,52553,5,8.529999852000001,1,0,0,1,0
1121292,3,144572,1,1,0,362296,39,67.77000129,7,3,1,1,1
1121293,3,144572,1,1,0,427729,50,96.8999989,4,1,1,1,1
1121296,3,144573,1,1,0,180351,21,37.13000011,1,1,1,1,1
1121297,3,144573,1,1,0,187329,29,53.15999961,2,1,1,1,1
1121300,3,144573,1,1,0,782894,118,192.9299995,5,2,1,1,1
1121302,3,144574,1,1,0,1206533,128,236.1199988,17,6,1,1,1
1121303,3,144574,1,1,0,84494,7,12.57000017,2,0,0,1,0
1121304,3,144574,1,1,0,94257,7,12.5800004,1,1,1,1,1
1121309,3,144575,1,1,0,131060,16,28.04999959,2,1,1,1,1
1121310,3,144575,1,1,0,341603,50,83.48000121,4,2,1,1,1
1121311,3,144575,1,1,0,140749,19,30.479999900000003,1,1,1,1,1
1121312,3,144575,1,1,0,102525,13,20.29999983,2,1,1,1,1
1121316,3,144576,1,1,0,447952,68,131.5799983,8,1,1,1,1
1121317,3,144576,1,1,0,76355,9,14.62999988,2,0,0,1,0
1121319,3,144577,1,1,0,256598,38,64.46999931,6,1,1,1,1
1121321,3,144577,1,1,0,127476,21,30.15000057,3,2,1,1,1
1121322,3,144577,1,1,0,237603,37,62.25000024,5,2,1,1,1
1121327,3,144578,1,1,1,271091,42,78.03999984,3,1,1,1,1
1121330,3,144578,1,1,1,21743,2,3.400000095,1,0,0,1,0
1121333,3,144579,1,1,1,88970,10,14.830000400000001,2,0,0,1,0
1121334,3,144579,1,1,1,108362,13,22.42999983,1,1,1,1,1
1121335,3,144579,1,1,1,188596,27,44.14000034,3,0,0,1,0
1121336,3,144579,1,1,1,275080,43,69.65999997,4,3,1,1,1
1121337,3,144580,1,1,1,64647,10,16.26999998,1,0,0,1,0
1121338,3,144580,1,1,1,31265,4,5.789999902000001,1,0,0,1,0
1121340,3,144580,1,1,1,140147,24,42.08000016,2,0,0,1,0
1121341,3,144580,1,1,1,223120,40,67.66999984,1,0,0,1,0
1121342,3,144580,1,1,1,104869,18,34.07000089,1,0,0,1,0
1121344,3,144581,1,1,1,165177,23,41.71999967,4,1,1,1,1
1121345,3,144581,1,1,1,84194,11,19.56999981,1,0,0,1,0
1121347,3,144581,1,1,1,220581,31,57.37,1,1,1,1,1
1121350,3,144582,1,1,1,75804,10,17.36999965,2,1,1,1,1
1121352,3,144582,1,1,1,368986,59,100.289999,0,0,0,0,0
1121353,3,144582,1,1,1,28194,3,3.709999919,2,0,0,1,0
1121355,3,144583,1,1,1,99961,14,23.209999800000002,1,0,0,1,0
1121359,3,144583,1,1,1,7573,0,0.0,1,0,0,1,0
1121361,3,144584,1,1,1,685781,103,177.88999919999998,10,1,1,1,1
1121364,3,144584,1,1,1,274222,43,66.7700001,2,1,1,1,1
1121365,3,144584,1,1,1,110503,25,32.67999995,4,0,0,1,0
1121367,3,144585,1,1,1,1447755,233,420.5799983,11,8,1,1,1
1121368,3,144585,1,1,1,358987,52,87.55000067,1,0,0,1,0
1121369,3,144585,1,1,1,826205,125,232.37000079999999,5,1,1,1,1
1121370,3,144585,1,1,1,550954,84,150.1400012,3,0,0,1,0
1121372,3,144585,1,1,1,378350,55,96.48000073,4,0,0,1,0
1121373,3,144586,1,1,1,492784,56,95.5100013,7,4,1,1,1
1121374,3,144586,1,1,1,327158,43,72.3100003,6,2,1,1,1
1121375,3,144586,1,1,1,9921,0,0.0,1,0,0,1,0
1121377,3,144586,1,1,1,59390,5,9.209999919,5,3,1,1,1
1121378,3,144586,1,1,1,1040330,147,254.25000380000003,13,2,1,1,1
1121379,3,144587,1,1,1,49422,6,11.17000031,1,0,0,1,0
1121380,3,144587,1,1,1,131091,18,34.23000026,3,1,1,1,1
1121381,3,144587,1,1,1,95691,15,25.26000011,1,1,1,1,1
1121390,3,144588,1,1,1,15513,1,1.289999962,1,0,0,1,0
1121391,3,144589,1,1,1,382537,63,113.99000120000001,4,3,1,1,1
1121394,3,144589,1,1,1,461356,64,121.0999982,6,3,1,1,1
1121395,3,144589,1,1,1,392541,53,98.70000017,3,2,1,1,1
1121398,3,144590,1,1,1,35088,5,8.800000072000001,1,1,1,1,1
1121400,3,144590,1,1,1,53933,6,9.929999947999999,3,1,1,1,1
1121403,3,144591,1,1,1,228861,33,53.38999939,4,2,1,1,1
1121405,3,144591,1,1,1,20959,2,3.7699999810000002,1,1,1,1,1
1121410,3,144592,1,1,1,24992,2,3.1900000569999998,1,0,0,1,0
1121411,3,144592,1,1,1,100351,15,24.17999995,2,1,1,1,1
1121412,3,144592,1,1,1,292448,43,76.89999968,2,1,1,1,1
1121413,3,144592,1,1,1,65060,7,14.520000099999999,1,1,1,1,1
1121414,3,144592,1,1,1,133316,21,36.17000055,2,0,0,1,0
1121415,3,144593,1,1,1,113501,26,38.44000077,5,4,1,1,1
1121418,3,144593,1,1,1,192810,41,61.92999995,4,3,1,1,1
1121421,3,144594,1,1,0,233404,43,70.41000079999999,2,1,1,1,1
1121422,3,144594,1,1,0,128843,24,37.5999999,2,0,0,1,0
1121423,3,144594,1,1,0,63564,12,20.59000027,2,0,0,1,0
1121425,3,144594,1,1,0,85970,14,24.78000021,1,1,1,1,1
1121428,3,144595,1,1,0,131232,16,29.53999937,1,1,1,1,1
1121429,3,144595,1,1,0,152454,22,37.84999979,1,1,1,1,1
1121430,3,144595,1,1,0,28989,2,2.290000021,1,0,0,1,0
1121433,3,144596,1,1,1,80248,15,24.1900003,1,1,1,1,1
1121437,3,144596,1,1,1,38580,5,8.519999981,1,0,0,1,0
1121439,3,144597,2,1,0,621591,91,163.36,5,1,1,1,1
1121440,3,144597,2,1,0,250499,36,58.14000005,3,1,1,1,1
1121442,3,144597,2,1,0,131637,18,29.30999982,2,1,1,1,1
1121443,3,144597,2,1,0,463813,69,116.3399996,4,2,1,1,1
1121444,3,144597,2,1,0,211767,35,60.89999914,5,1,1,1,1
1121446,3,144598,2,1,0,163181,26,40.02000093,1,1,1,1,1
1121451,3,144599,2,1,0,1117385,147,260.06999840000003,11,2,1,1,1
1121452,3,144599,2,1,0,1663441,205,359.4700001,17,6,1,1,1
1121453,3,144599,2,1,0,455248,54,105.7099996,5,2,1,1,1
1121454,3,144599,2,1,0,75589,6,10.66000009,1,1,1,1,1
1121455,3,144599,2,1,0,594267,82,143.30000090000001,3,2,1,1,1
1121456,3,144599,2,1,0,315281,35,65.02999854,1,0,0,1,0
1121464,3,144601,2,1,0,363456,71,117.55999969999999,7,1,1,1,1
1121466,3,144601,2,1,0,438983,81,143.4300001,3,1,1,1,1
1121467,3,144601,2,1,0,42563,5,9.659999847,1,1,1,1,1
1121469,3,144602,2,1,0,399035,75,124.79999950000001,7,3,1,1,1
1121471,3,144602,2,1,0,304680,59,98.55000019,3,0,0,1,0
1121472,3,144602,2,1,0,140596,23,40.77000022,1,0,0,1,0
1121473,3,144602,2,1,0,439986,80,134.8799999,4,3,1,1,1
1121474,3,144602,2,1,0,75803,11,19.3599999,2,2,1,1,1
1121477,3,144603,2,1,1,7073,0,0.0,1,0,0,1,0
1121481,3,144604,2,1,1,153586,28,43.01000035,2,0,0,1,0
1121482,3,144604,2,1,1,180815,31,42.62999976,1,0,0,1,0
1121483,3,144604,2,1,1,253169,51,75.78999984,1,0,0,1,0
1121484,3,144604,2,1,1,34453,5,7.7100000379999996,1,1,1,1,1
1121487,3,144605,2,1,1,51550,8,14.03999984,1,0,0,1,0
1121489,3,144605,2,1,1,110018,24,39.85999966,1,0,0,1,0
1121493,3,144606,2,1,1,137584,21,36.77999961,1,0,0,1,0
1121497,3,144606,2,1,1,209825,30,54.86999953,1,0,0,1,0
1121499,3,144607,2,1,1,264222,63,87.78999959999999,1,1,1,1,1
1121510,3,144608,2,1,1,31202,5,6.730000018999999,1,0,0,1,0
1121511,3,144609,2,1,1,252991,49,76.83999932,3,0,0,1,0
1121514,3,144609,2,1,1,56265,9,15.53999972,1,0,0,1,0
1121523,3,144611,2,1,1,76923,11,17.67000008,2,2,1,1,1
1121524,3,144611,2,1,1,209332,30,49.60000014,3,1,1,1,1
1121525,3,144611,2,1,1,214094,31,53.26999903,1,0,0,1,0
1121526,3,144611,2,1,1,526209,85,126.9299996,3,2,1,1,1
1121527,3,144611,2,1,1,741143,120,179.620001,4,1,1,1,1
1121528,3,144611,2,1,1,172827,25,38.42000043,2,0,0,1,0
1121530,3,144612,2,1,1,188873,38,58.59999989999999,1,1,1,1,1
1121532,3,144612,2,1,1,123126,25,39.72999978,2,1,1,1,1
1121535,3,144613,2,1,1,77794,14,19.11000001,1,1,1,1,1
1121541,3,144614,2,1,1,56630,9,15.81000018,1,1,1,1,1
1121544,3,144614,2,1,1,400844,85,140.97000219999998,4,2,1,1,1
1121545,3,144614,2,1,1,208572,36,60.76000023,2,1,1,1,1
1121548,3,144615,2,1,1,59004,8,13.51000011,1,0,0,1,0
1121551,3,144615,2,1,1,196253,32,55.10000002,1,0,0,1,0
1121554,3,144616,2,1,1,51858,8,12.63000011,1,1,1,1,1
1121557,3,144616,2,1,1,280764,49,81.36000025,2,1,1,1,1
1121561,3,144617,2,1,1,63660,11,16.47000003,1,1,1,1,1
1121562,3,144617,2,1,1,109289,19,31.02999997,1,0,0,1,0
1121568,3,144618,2,1,1,188440,40,60.72999966,2,1,1,1,1
1121571,3,144619,2,1,0,212496,44,74.83000135,2,1,1,1,1
1121572,3,144619,2,1,0,32574,5,7.480000018999999,1,0,0,1,0
1121575,3,144619,2,1,0,128595,23,36.4800005,1,1,1,1,1
1121577,3,144620,2,1,0,242234,48,68.06000054,2,0,0,1,0
1121584,3,144621,2,1,1,33154,5,7.879999995,1,1,1,1,1
1121585,3,144621,2,1,1,9773,1,1.4600000380000002,1,0,0,1,0
1121589,3,144622,3,1,0,464036,77,123.5500004,3,1,1,1,1
1121590,3,144622,3,1,0,478480,75,135.75000119999999,3,1,1,1,1
1121592,3,144622,3,1,0,428812,66,116.88000009999999,4,2,1,1,1
1121593,3,144622,3,1,0,1177535,221,365.66000089999994,15,3,1,1,1
1121594,3,144622,3,1,0,426500,72,128.2799988,4,1,1,1,1
1121597,3,144623,3,1,0,54237,7,10.77999985,2,1,1,1,1
1121598,3,144623,3,1,0,506916,89,133.69999860000001,2,2,1,1,1
1121599,3,144623,3,1,0,250960,42,64.87999952,2,0,0,1,0
1121601,3,144624,3,1,0,2286228,353,603.380002,16,7,1,1,1
1121602,3,144624,3,1,0,915451,125,220.55999900000003,6,1,1,1,1
1121603,3,144624,3,1,0,159478,20,33.89999998,3,1,1,1,1
1121605,3,144624,3,1,0,1228924,190,318.97000319999995,6,3,1,1,1
1121606,3,144624,3,1,0,938283,134,248.6400001,7,2,1,1,1
1121607,3,144625,3,1,0,154572,26,40.93000007,1,1,1,1,1
1121609,3,144625,3,1,0,378171,70,109.2500008,1,0,0,1,0
1121612,3,144625,3,1,0,468749,84,134.1199975,6,1,1,1,1
1121613,3,144626,3,1,0,309823,60,103.3899996,4,4,1,1,1
1121615,3,144626,3,1,0,327227,65,116.5599996,5,0,0,1,0
1121616,3,144626,3,1,0,334945,72,120.29999939999999,2,1,1,1,1
1121617,3,144626,3,1,0,68859,15,25.45999968,1,0,0,1,0
1121619,3,144627,3,1,0,127125,20,35.67999983,2,0,0,1,0
1121620,3,144627,3,1,0,415798,80,131.7800006,3,1,1,1,1
1121622,3,144627,3,1,0,107671,20,29.91000021,1,1,1,1,1
1121623,3,144627,3,1,0,164356,28,46.7900002,2,1,1,1,1
1121624,3,144627,3,1,0,17662,2,3.189999938,1,0,0,1,0
1121627,3,144628,3,1,1,65339,10,16.67999983,2,0,0,1,0
1121628,3,144628,3,1,1,59838,7,11.11000013,1,0,0,1,0
1121629,3,144628,3,1,1,381577,81,127.5699993,2,0,0,1,0
1121635,3,144629,3,1,1,45491,8,11.00999999,1,0,0,1,0
1121638,3,144630,3,1,1,18946,2,3.599999905,1,0,0,1,0
1121641,3,144630,3,1,1,114370,18,33.65999997,1,0,0,1,0
1121642,3,144630,3,1,1,99698,21,33.3499999,1,0,0,1,0
1121644,3,144631,3,1,1,355165,81,128.6099997,4,3,1,1,1
1121650,3,144632,3,1,1,101431,23,33.93000031,1,1,1,1,1
1121652,3,144632,3,1,1,123151,24,36.440000299999994,2,1,1,1,1
1121660,3,144633,3,1,1,24078,4,5.769999981000001,1,0,0,1,0
1121661,3,144634,3,1,1,517801,105,181.7200011,3,0,0,1,0
1121662,3,144634,3,1,1,145104,25,41.42000008,2,1,1,1,1
1121664,3,144634,3,1,1,179950,35,58.67999971,1,0,0,1,0
1121665,3,144634,3,1,1,258531,46,80.33999979,2,0,0,1,0
1121666,3,144634,3,1,1,272500,62,104.45999959999999,3,0,0,1,0
1121667,3,144635,3,1,1,273197,57,87.7300005,3,0,0,1,0
1121668,3,144635,3,1,1,775904,172,253.990002,4,2,1,1,1
1121669,3,144635,3,1,1,120251,26,39.44000006,1,0,0,1,0
1121671,3,144635,3,1,1,139406,24,39.04999948,1,0,0,1,0
1121672,3,144635,3,1,1,60314,11,16.93999958,2,1,1,1,1
1121673,3,144636,3,1,1,563074,86,142.7099985,4,2,1,1,1
1121674,3,144636,3,1,1,168655,18,27.29999983,2,0,0,1,0
1121675,3,144636,3,1,1,111963,17,29.3799994,2,1,1,1,1
1121676,3,144636,3,1,1,1026304,168,277.5799986,17,8,1,1,1
1121677,3,144636,3,1,1,1391924,258,422.8400038,17,10,1,1,1
1121678,3,144636,3,1,1,147551,22,38.50000083,1,0,0,1,0
1121685,3,144638,3,1,1,66794,9,17.329999800000003,1,1,1,1,1
1121687,3,144638,3,1,1,118882,19,32.30999994,2,1,1,1,1
1121689,3,144638,3,1,1,148010,24,41.96999943,1,0,0,1,0
1121691,3,144639,3,1,1,932890,197,352.44999889999997,3,1,1,1,1
1121692,3,144639,3,1,1,718359,147,264.5899997,4,1,1,1,1
1121693,3,144639,3,1,1,433658,82,158.5999998,5,2,1,1,1
1121695,3,144639,3,1,1,29455,3,4.769999981000001,1,0,0,1,0
1121701,3,144640,3,1,1,23973,3,4.820000052,1,1,1,1,1
1121705,3,144641,3,1,1,126480,25,37.25999999,1,1,1,1,1
1121706,3,144641,3,1,1,138959,28,39.520000700000004,1,0,0,1,0
1121708,3,144641,3,1,1,68829,12,19.47999978,1,0,0,1,0
1121711,3,144642,3,1,1,49916,10,16.38,1,1,1,1,1
1121716,3,144643,3,1,1,76014,16,22.67000031,1,1,1,1,1
1121723,3,144644,3,1,0,50947,10,15.99000025,1,0,0,1,0
1121733,3,144646,3,1,1,55536,11,17.04999995,1,0,0,1,0
1121741,3,144647,0,0,0,318042,46,64.40999997,8,4,1,1,1
1121742,3,144647,0,0,0,213016,30,44.21999955,8,2,1,1,1
1121745,3,144648,0,0,0,182265,27,38.18000007,2,1,1,1,1
1121746,3,144648,0,0,0,1117371,177,268.050002,26,5,1,1,1
1121749,3,144648,0,0,0,333345,52,77.59000027,5,1,1,1,1
1121751,3,144649,0,0,0,275930,30,46.77999997,5,2,1,1,1
1121753,3,144649,0,0,0,740631,101,153.1199975,9,1,1,1,1
1121754,3,144649,0,0,0,328272,35,55.99000025,2,1,1,1,1
1121755,3,144649,0,0,0,178455,20,31.540000199999998,6,3,1,1,1
1121756,3,144649,0,0,0,705712,98,147.339999,6,1,1,1,1
1121758,3,144650,0,0,0,690373,91,159.57000209999998,5,2,1,1,1
1121759,3,144650,0,0,0,515812,69,117.62999950000001,3,1,1,1,1
1121760,3,144650,0,0,0,764793,101,171.9799976,4,2,1,1,1
1121763,3,144651,0,0,0,87832,11,18.10000038,1,1,1,1,1
1121764,3,144651,0,0,0,23368,3,4.3000001910000005,1,0,0,1,0
1121765,3,144651,0,0,0,51509,7,11.57000005,1,0,0,1,0
1121767,3,144651,0,0,0,87043,16,24.48000002,2,0,0,1,0
1121768,3,144651,0,0,0,565565,113,169.66999819999998,7,4,1,1,1
1121769,3,144652,0,0,0,253758,43,62.14000034,4,1,1,1,1
1121773,3,144652,0,0,0,319131,51,76.68000025,6,1,1,1,1
1121774,3,144652,0,0,0,670608,130,195.14999780000002,11,3,1,1,1
1121775,3,144653,0,0,1,159123,25,38.36000013,5,3,1,1,1
1121776,3,144653,0,0,1,103709,15,24.56999969,3,1,1,1,1
1121779,3,144653,0,0,1,271589,45,74.41000032,9,3,1,1,1
1121780,3,144653,0,0,1,119772,20,33.46999907,5,2,1,1,1
1121782,3,144654,0,0,1,26340,3,4.2200000289999995,1,1,1,1,1
1121783,3,144654,0,0,1,594968,111,147.6700006,4,0,0,1,0
1121791,3,144655,0,0,1,6838,0,0.0,1,0,0,1,0
1121793,3,144656,0,0,1,185665,39,62.14000058,1,0,0,1,0
1121795,3,144656,0,0,1,24959,3,4.560000062,1,1,1,1,1
1121796,3,144656,0,0,1,136967,23,35.05999982,3,1,1,1,1
1121798,3,144656,0,0,1,107548,19,29.31000018,1,0,0,1,0
1121803,3,144657,0,0,1,588617,119,169.91999730000003,2,0,0,1,0
1121806,3,144658,0,0,1,190560,26,41.63,3,1,1,1,1
1121807,3,144658,0,0,1,373110,49,75.70000076,4,2,1,1,1
1121812,3,144659,0,0,1,935646,170,256.46999819999996,19,6,1,1,1
1121814,3,144659,0,0,1,2223278,421,612.3000032000001,38,13,1,1,1
1121815,3,144659,0,0,1,240497,36,51.84000087,1,0,0,1,0
1121816,3,144659,0,0,1,259984,37,54.790000199999994,5,0,0,1,0
1121817,3,144660,0,0,1,606786,127,179.050001,11,3,1,1,1
1121818,3,144660,0,0,1,83270,13,17.74000001,1,0,0,1,0
1121819,3,144660,0,0,1,1189509,268,375.7199963,7,3,1,1,1
1121820,3,144660,0,0,1,11471,1,1.570000052,0,0,0,0,0
1121824,3,144661,0,0,1,1705246,295,429.47999810000005,23,10,1,1,1
1121826,3,144661,0,0,1,418016,63,95.85000050000001,3,1,1,1,1
1121827,3,144661,0,0,1,30155,3,3.819999933,1,0,0,1,0
1121828,3,144661,0,0,1,990404,153,226.5399992,12,6,1,1,1
1121829,3,144662,0,0,1,187468,34,50.72000062,2,1,1,1,1
1121832,3,144662,0,0,1,208301,33,54.57000089,1,0,0,1,0
1121833,3,144662,0,0,1,101856,16,25.22000039,4,1,1,1,1
1121835,3,144663,0,0,1,48935,7,9.970000267,1,1,1,1,1
1121839,3,144663,0,0,1,13911,1,1.730000019,1,1,1,1,1
1121841,3,144664,0,0,1,511726,77,123.0900019,8,4,1,1,1
1121843,3,144664,0,0,1,177452,24,37.83000016,2,0,0,1,0
1121844,3,144664,0,0,1,149808,20,33.03999937,1,1,1,1,1
1121845,3,144664,0,0,1,390339,60,105.0199997,9,6,1,1,1
1121846,3,144664,0,0,1,8350,0,0.0,1,0,0,1,0
1121847,3,144665,0,0,1,39339,4,5.929999948,1,0,0,1,0
1121854,3,144666,0,0,1,8587,0,0.0,1,0,0,1,0
1121855,3,144666,0,0,1,24893,2,3.75,1,0,0,1,0
1121856,3,144666,0,0,1,1296189,212,343.2599944,14,4,1,1,1
1121857,3,144666,0,0,1,91607,12,19.1899997,2,1,1,1,1
1121859,3,144667,0,0,1,238036,38,61.02999771,6,3,1,1,1
1121860,3,144667,0,0,1,254344,35,56.16999996,2,1,1,1,1
1121861,3,144667,0,0,1,157705,23,39.23000026,2,0,0,1,0
1121862,3,144667,0,0,1,411571,60,99.1799984,6,1,1,1,1
1121863,3,144667,0,0,1,94136,11,16.17999971,1,0,0,1,0
1121867,3,144668,0,0,1,82640,16,23.97000039,1,1,1,1,1
1121869,3,144668,0,0,1,17870,2,2.620000005,1,1,1,1,1
1121871,3,144669,0,0,0,19178,2,2.779999971,1,1,1,1,1
1121873,3,144669,0,0,0,5264,0,0.0,1,0,0,1,0
1121874,3,144669,0,0,0,145548,28,42.37000036,2,1,1,1,1
1121876,3,144669,0,0,0,82455,15,22.04999971,1,0,0,1,0
1121877,3,144670,0,0,0,44189,7,10.31999981,2,0,0,1,0
1121878,3,144670,0,0,0,45199,7,9.809999943,1,0,0,1,0
1121881,3,144670,0,0,0,221843,43,63.45000076,5,0,0,1,0
1121888,3,144671,0,0,1,41672,6,10.54999995,2,1,1,1,1
1121889,3,144672,1,0,0,127546,25,38.94000041,2,0,0,1,0
1121890,3,144672,1,0,0,127865,28,38.02999961,3,1,1,1,1
1121891,3,144672,1,0,0,1025327,229,314.2999983,16,2,1,1,1
1121894,3,144672,1,0,0,561415,124,173.76,3,0,0,1,0
1121895,3,144673,1,0,0,132803,25,37.32000124,2,1,1,1,1
1121897,3,144673,1,0,0,24664,2,2.629999995,1,1,1,1,1
1121901,3,144674,1,0,0,1020561,172,263.8100007,7,3,1,1,1
1121902,3,144674,1,0,0,682143,114,177.1099993,6,2,1,1,1
1121903,3,144674,1,0,0,1247717,222,343.4199994,11,4,1,1,1
1121904,3,144674,1,0,0,146406,23,33.22999942,1,1,1,1,1
1121905,3,144674,1,0,0,905699,161,234.6599982,4,1,1,1,1
1121906,3,144674,1,0,0,1184580,194,297.8299981,14,3,1,1,1
1121907,3,144675,1,0,0,98057,20,31.00999963,1,1,1,1,1
1121917,3,144676,1,0,0,238735,56,84.65999889,4,1,1,1,1
1121918,3,144676,1,0,0,320657,77,115.88000259999998,2,0,0,1,0
1121925,3,144678,1,0,1,244074,57,84.51000023,4,2,1,1,1
1121928,3,144678,1,0,1,39146,8,13.05999959,1,0,0,1,0
1121931,3,144679,1,0,1,78468,15,23.64999962,1,0,0,1,0
1121933,3,144679,1,0,1,325653,63,89.35000026,2,0,0,1,0
1121935,3,144679,1,0,1,66277,12,17.30000019,1,0,0,1,0
1121936,3,144679,1,0,1,93002,16,23.33999968,1,0,0,1,0
1121944,3,144681,1,0,1,109723,27,40.9600004,1,0,0,1,0
1121948,3,144681,1,0,1,118941,35,50.11000001,4,1,1,1,1
1121949,3,144682,1,0,1,221576,47,66.79000068,6,1,1,1,1
1121953,3,144682,1,0,1,8341,1,1.6399999859999999,1,0,0,1,0
1121954,3,144682,1,0,1,120335,26,36.229999299999996,2,0,0,1,0
1121955,3,144683,1,0,1,182098,40,62.86999989,1,1,1,1,1
1121956,3,144683,1,0,1,227473,52,71.58000052,1,1,1,1,1
1121962,3,144684,1,0,1,1050947,230,350.5099957,6,1,1,1,1
1121963,3,144684,1,0,1,720859,162,213.6899986,13,5,1,1,1
1121971,3,144685,1,0,1,41111,8,10.96000016,1,0,0,1,0
1121973,3,144686,1,0,1,148616,25,37.39999962,6,4,1,1,1
1121976,3,144686,1,0,1,707260,135,210.8200028,13,6,1,1,1
1121977,3,144686,1,0,1,139596,26,42.41000032,1,1,1,1,1
1121983,3,144687,1,0,1,105399,22,33.19999933,2,0,0,1,0
1121994,3,144689,1,0,1,222378,50,72.91000104,1,0,0,1,0
1122003,3,144691,1,0,1,975792,210,293.8800011,10,4,1,1,1
1122004,3,144691,1,0,1,579150,125,167.0499997,5,1,1,1,1
1122005,3,144691,1,0,1,449588,81,123.800001,5,2,1,1,1
1122006,3,144691,1,0,1,318157,56,85.70000196,3,0,0,1,0
1122007,3,144691,1,0,1,196967,43,65.17999971,2,1,1,1,1
1122011,3,144692,1,0,1,158298,37,46.43000007,4,1,1,1,1
1122012,3,144692,1,0,1,222739,55,68.55999959,5,2,1,1,1
1122022,3,144694,1,0,0,20780,5,8.189999938,1,0,0,1,0
1122027,3,144695,1,0,0,128616,33,48.54999948,2,0,0,1,0
1122039,3,144697,2,0,0,258954,61,82.27999902,1,0,0,1,0
1122040,3,144697,2,0,0,205289,48,71.53000104,3,0,0,1,0
1122041,3,144697,2,0,0,611601,138,191.419996,8,3,1,1,1
1122043,3,144697,2,0,0,947657,233,321.8700004,8,4,1,1,1
1122044,3,144697,2,0,0,233043,49,65.03000033,2,0,0,1,0
1122047,3,144698,2,0,0,582725,142,194.80999880000002,9,2,1,1,1
1122052,3,144699,2,0,0,265038,51,78.45999932,2,1,1,1,1
1122054,3,144699,2,0,0,222273,39,53.62999868,6,1,1,1,1
1122055,3,144699,2,0,0,797234,170,243.7699978,4,1,1,1,1
1122056,3,144699,2,0,0,925555,182,262.8899981,4,2,1,1,1
1122058,3,144700,2,0,0,22210,3,4.0500001910000005,1,1,1,1,1
1122075,3,144703,2,0,1,46391,11,16.40999985,3,1,1,1,1
1122078,3,144703,2,0,1,190477,42,66.38999987,1,0,0,1,0
1122079,3,144703,2,0,1,25382,7,9.609999895,1,0,0,1,0
1122085,3,144704,2,0,1,65726,17,22.12000012,2,0,0,1,0
1122089,3,144705,2,0,1,195220,51,78.06000042,1,0,0,1,0
1122092,3,144705,2,0,1,107501,27,40.87999928,2,2,1,1,1
1122101,3,144707,2,0,1,197772,63,88.21000016,7,2,1,1,1
1122102,3,144707,2,0,1,138154,35,48.93999863,1,0,0,1,0
1122103,3,144707,2,0,1,270124,69,95.84999895,2,0,0,1,0
1122105,3,144708,2,0,1,303971,77,106.92999979999999,11,6,1,1,1
1122107,3,144708,2,0,1,682046,183,254.41999700000002,4,2,1,1,1
1122109,3,144708,2,0,1,328365,83,117.34000049999999,2,1,1,1,1
1122112,3,144709,2,0,1,1083259,276,390.2599992,11,0,0,1,0
1122113,3,144709,2,0,1,913929,245,340.40999930000004,7,2,1,1,1
1122118,3,144710,2,0,1,101586,24,33.47000039,2,1,1,1,1
1122120,3,144710,2,0,1,181053,46,66.27999985,3,1,1,1,1
1122121,3,144710,2,0,1,133419,35,48.18000007,2,1,1,1,1
1122125,3,144711,2,0,1,489573,113,156.1199993,3,2,1,1,1
1122127,3,144711,2,0,1,822023,194,288.33000350000003,6,0,0,1,1
1122131,3,144712,2,0,1,93176,29,40.37000024,1,1,1,1,1
1122138,3,144713,2,0,1,47229,13,19.27999985,1,0,0,1,0
1122139,3,144713,2,0,1,92263,24,34.03000015,1,0,0,1,0
1122140,3,144713,2,0,1,81551,21,29.67000008,1,0,0,1,0
1122145,3,144714,2,0,1,141037,32,47.78999913,3,0,0,1,0
1122146,3,144714,2,0,1,319501,79,111.6500003,0,0,0,0,0
1122149,3,144715,2,0,1,72741,19,24.33000016,2,0,0,1,0
1122154,3,144716,2,0,1,597419,135,188.51000019999998,2,1,1,1,1
1122157,3,144716,2,0,1,98768,21,33.14000034,1,1,1,1,1
1122160,3,144717,2,0,1,173165,41,59.85000026,1,0,0,1,0
1122165,3,144718,2,0,1,55823,13,21.10999966,1,1,1,1,1
1122166,3,144718,2,0,1,118451,28,38.35000062,4,1,1,1,1
1122176,3,144719,2,0,0,74424,22,30.84000027,1,1,1,1,1
1122177,3,144720,2,0,0,47929,12,14.58999991,1,1,1,1,1
1122182,3,144720,2,0,0,40801,12,15.91999972,0,0,0,0,0
1122183,3,144721,2,0,1,66017,17,24.22000015,1,0,0,1,0
1122189,3,144722,3,0,0,725043,179,238.40000069999996,5,3,1,1,1
1122191,3,144722,3,0,0,382776,97,132.7300007,5,1,1,1,1
1122192,3,144722,3,0,0,548250,137,201.6000042,5,1,1,1,1
1122193,3,144722,3,0,0,1358324,346,465.07999810000007,8,2,1,1,0
1122197,3,144723,3,0,0,662249,163,234.93999920000002,2,0,0,1,0
1122200,3,144723,3,0,0,559554,139,195.0799994,2,0,0,1,0
1122201,3,144724,3,0,0,320757,68,104.6899989,2,0,0,1,0
1122202,3,144724,3,0,0,906151,202,295.5499957,1,0,0,1,0
1122203,3,144724,3,0,0,699314,164,226.0300014,3,0,0,1,0
1122204,3,144724,3,0,0,850337,198,287.690003,3,1,1,1,1
1122205,3,144724,3,0,0,1015460,247,315.90000510000004,9,2,1,1,1
1122209,3,144725,3,0,0,890295,227,332.98999889999993,1,0,0,1,0
1122210,3,144725,3,0,0,791817,194,282.49000099999995,4,2,1,1,1
1122211,3,144725,3,0,0,317601,76,115.66000079999999,1,0,0,1,0
1122212,3,144725,3,0,0,685211,164,247.3200026,4,3,1,1,1
1122213,3,144726,3,0,0,32781,7,11.20000017,2,2,1,1,1
1122216,3,144726,3,0,0,76785,19,25.45999998,3,0,0,1,0
1122217,3,144726,3,0,0,719083,206,299.5299983,12,5,1,1,1
1122223,3,144727,3,0,0,368480,107,140.4200011,5,4,1,1,1
1122224,3,144727,3,0,0,260945,73,100.88000109999999,2,2,1,1,1
1122225,3,144728,3,0,1,40998,10,13.35000038,1,0,0,1,0
1122227,3,144728,3,0,1,183293,53,73.74999964,2,1,1,1,1
1122232,3,144729,3,0,1,221561,55,76.75999916,1,0,0,1,0
1122233,3,144729,3,0,1,436943,109,145.8199974,1,1,1,1,1
1122240,3,144730,3,0,1,284488,90,125.27000109999999,1,1,1,1,1
1122244,3,144731,3,0,1,85083,32,38.62999976,1,1,1,1,1
1122246,3,144731,3,0,1,14167,5,7.139999986,1,0,0,1,0
1122249,3,144732,3,0,1,300637,84,116.9899981,2,0,0,1,0
1122253,3,144732,3,0,1,449921,129,175.9700005,5,1,1,1,1
1122254,3,144732,3,0,1,282899,71,105.6600007,1,0,0,1,0
1122257,3,144733,3,0,1,669671,186,259.17999879999996,4,1,1,1,1
1122258,3,144733,3,0,1,108655,28,46.92000186,1,0,0,1,0
1122260,3,144733,3,0,1,536248,146,187.73999780000003,3,0,0,1,0
1122262,3,144734,3,0,1,1055017,265,380.6599952,16,2,1,1,1
1122265,3,144734,3,0,1,1428421,367,541.7000022999999,10,0,0,1,0
1122266,3,144734,3,0,1,1088027,272,409.5600026,9,4,1,1,1
1122267,3,144735,3,0,1,288517,78,102.3900002,3,0,0,1,0
1122268,3,144735,3,0,1,202231,53,67.13000107,3,1,1,1,1
1122270,3,144735,3,0,1,73222,16,22.86000025,1,0,0,1,0
1122271,3,144735,3,0,1,348542,96,134.889999,2,0,0,1,0
1122273,3,144736,3,0,1,1097966,266,369.069997,16,8,1,1,1
1122274,3,144736,3,0,1,526923,138,198.08999719999997,2,1,1,1,1
1122276,3,144736,3,0,1,264386,66,91.00000054,4,1,1,1,1
1122277,3,144736,3,0,1,854940,227,297.91000069999996,8,3,1,1,1
1122279,3,144737,3,0,1,113567,34,50.29000044,3,0,0,1,0
1122282,3,144737,3,0,1,22859,6,9.419999837999999,1,0,0,1,0
1122288,3,144738,3,0,1,51754,13,20.51999998,1,0,0,1,0
1122290,3,144738,3,0,1,104347,28,38.13999993,4,3,1,1,1
1122303,3,144741,3,0,1,391998,97,142.05000249999998,3,1,1,1,1
1122304,3,144741,3,0,1,1111156,282,402.3000026,5,0,0,1,0
1122308,3,144741,3,0,1,427772,117,159.29999899999999,3,1,1,1,1
1122310,3,144742,3,0,1,536457,136,193.6599991,2,1,1,1,1
1122311,3,144742,3,0,1,179894,43,66.83999872,2,0,0,1,0
1122312,3,144742,3,0,1,479882,131,178.6700007,6,0,0,1,0
1122313,3,144742,3,0,1,358261,91,130.3600011,1,0,0,1,0
1122316,3,144743,3,0,1,346688,88,114.8599998,2,0,0,1,0
1314296,3,179863,0,1,1,33445,2,3.199999928,1,0,0,1,0
1314297,3,179864,0,1,1,72228,5,7.529999852,4,4,1,1,1
1314298,3,179865,0,1,1,49699,2,2.6900000569999998,2,1,1,1,1
1314299,3,179866,0,1,1,189761,18,27.32999969,4,1,1,1,1
1314301,3,179868,0,1,1,312524,37,53.78999972,2,0,0,1,0
1314303,3,179870,0,1,1,496760,42,61.00999904,10,3,1,1,1
1314306,3,179873,0,1,1,310988,34,46.66999936,11,3,1,1,1
1314307,3,179874,0,1,1,98606,9,12.10999984,1,0,0,1,0
1314308,3,179875,0,1,1,51104,2,3.199999928,3,1,1,1,1
1314309,3,179876,0,1,1,276762,22,32.09000015,5,1,1,1,1
1314312,3,179879,1,1,1,33534,2,2.960000038,1,1,1,1,1
1314313,3,179880,1,1,1,128859,16,23.69999957,1,0,0,1,0
1314314,3,179881,1,1,1,92080,12,16.94000018,3,2,1,1,1
1314316,3,179883,1,1,1,211882,33,46.64999926,3,1,1,1,1
1314318,3,179885,1,1,1,112776,9,12.67999995,1,0,0,1,0
1314319,3,179886,1,1,1,145324,14,19.82000005,2,1,1,1,1
1314320,3,179887,1,1,1,106492,14,21.26000023,2,0,0,1,0
1314321,3,179888,1,1,1,233845,30,40.73000062,3,0,0,1,0
1314323,3,179890,1,1,1,155426,17,25.01000023,3,0,0,1,0
1314324,3,179891,1,1,1,97540,8,11.519999499999999,2,1,1,1,1
1314325,3,179892,1,1,1,61441,5,7.700000048,1,0,0,1,0
1314326,3,179893,2,1,1,76703,9,12.14999962,3,1,1,1,1
1314327,3,179894,2,1,1,68619,10,14.96000034,1,0,0,1,0
1314330,3,179897,2,1,1,17559,1,1.49000001,1,1,1,1,1
1314331,3,179898,2,1,1,137879,19,28.47000003,2,0,0,1,0
1314332,3,179899,2,1,1,67710,10,15.14999998,1,0,0,1,0
1314333,3,179900,2,1,1,348180,41,60.22999907,3,1,1,1,1
1314334,3,179901,2,1,1,146246,18,28.71999955,3,1,1,1,1
1314336,3,179903,2,1,1,187236,24,34.86999965,2,2,1,1,1
1314337,3,179904,2,1,1,72157,9,13.50000036,1,1,1,1,1
1314338,3,179905,2,1,1,91180,10,13.55999994,1,0,0,1,0
1314339,3,179906,2,1,1,86293,6,9.259999871,1,1,1,1,1
1314341,3,179908,3,1,1,101410,12,17.94000006,4,0,0,1,0
1314343,3,179910,3,1,1,134245,18,25.75000024,2,1,1,1,1
1314345,3,179912,3,1,1,125650,20,30.08000076,4,0,0,1,0
1314346,3,179913,3,1,1,50406,5,7.26000011,1,1,1,1,1
1314348,3,179915,3,1,1,121769,13,18.41999996,2,1,1,1,1
1314349,3,179916,3,1,1,267106,34,50.5,4,1,1,1,1
1314350,3,179917,3,1,1,365539,57,82.13999915,5,2,1,1,1
1314351,3,179918,3,1,1,188758,25,36.60000038,2,1,1,1,1
1314353,3,179920,3,1,1,108426,13,19.58000016,1,0,0,1,0
1314354,3,179921,3,1,1,138525,9,13.65000045,3,0,0,1,0
1314355,3,179922,3,1,1,150858,21,30.26000011,1,0,0,1,0
1314357,3,179924,0,0,1,524306,81,113.6800029,10,4,1,1,1
1314358,3,179925,0,0,1,104496,9,11.42999983,3,2,1,1,1
1314359,3,179926,0,0,1,452519,68,99.52000237,7,2,1,1,1
1314360,3,179927,0,0,1,442919,76,110.78000209999999,21,2,1,1,1
1314361,3,179928,0,0,1,596831,86,120.87999920000001,11,0,0,1,0
1314362,3,179929,0,0,1,173912,26,35.54000032,2,1,1,1,1
1314363,3,179930,0,0,1,780967,86,119.6400018,20,4,1,1,1
1314364,3,179931,0,0,1,132124,8,11.18999994,4,0,0,1,0
1314365,3,179932,0,0,1,623137,100,138.9200006,12,1,1,1,1
1314366,3,179933,0,0,1,99020,10,14.48000044,4,1,1,1,1
1314367,3,179934,0,0,1,665817,117,163.8000002,23,9,1,1,1
1314368,3,179935,0,0,1,699232,80,111.98999950000001,12,3,1,1,1
1314371,3,179938,1,0,1,72982,11,15.04999995,1,0,0,1,0
1314372,3,179939,1,0,1,975884,167,237.3199975,14,3,1,1,1
1314373,3,179940,1,0,1,245607,33,47.87999952,3,1,1,1,1
1314377,3,179944,1,0,1,485369,114,164.64000149999998,3,0,0,1,0
1314378,3,179945,1,0,1,866355,139,200.8299961,11,5,1,1,1
1314379,3,179946,1,0,1,502710,72,105.2199969,8,2,1,1,1
1314380,3,179947,1,0,1,475184,88,127.3200028,4,1,1,1,1
1314381,3,179948,1,0,1,357401,47,68.67000008,8,1,1,1,1
1314382,3,179949,1,0,1,99810,14,20.05000019,2,0,0,1,0
1314383,3,179950,1,0,1,81569,6,9.409999967000001,3,1,1,1,1
1314384,3,179951,1,0,1,441192,53,77.59999979,6,2,1,1,1
1314385,3,179952,1,0,1,90470,11,16.73000002,1,1,1,1,1
1314386,3,179953,2,0,1,834243,166,246.7499975,18,7,1,1,1
1314387,3,179954,2,0,1,696612,152,223.18999480000002,31,9,1,1,1
1314388,3,179955,2,0,1,329333,48,67.60999918,1,0,0,1,0
1314389,3,179956,2,0,1,1114711,224,319.0000019,6,0,0,1,1
1314390,3,179957,2,0,1,267316,58,82.92999887,3,0,0,1,0
1314391,3,179958,2,0,1,228629,38,57.0,2,0,0,1,0
1314392,3,179959,2,0,1,758340,159,233.110002,13,4,1,1,1
1314393,3,179960,2,0,1,877535,149,217.7799966,5,2,1,1,1
1314394,3,179961,2,0,1,1357386,223,323.06000710000006,10,1,1,1,1
1314395,3,179962,2,0,1,280240,61,87.99000168,2,2,1,1,1
1314396,3,179963,2,0,1,419922,75,105.4500008,3,1,1,1,1
1314397,3,179964,2,0,1,402975,83,120.8999977,1,0,0,1,0
1314398,3,179965,2,0,1,1137635,211,301.0499992,30,10,1,1,1
1314400,3,179967,2,0,1,250234,40,62.31999922,4,1,1,1,1
1314401,3,179968,3,0,1,904907,195,279.21999500000004,11,1,1,1,1
1314402,3,179969,3,0,1,589270,107,158.05000230000002,10,4,1,1,1
1314403,3,179970,3,0,1,168714,24,36.01000071,2,2,1,1,1
1314404,3,179971,3,0,1,71982,11,16.34000051,1,0,0,1,0
1314405,3,179972,3,0,1,558666,110,162.63999750000002,14,5,1,1,1
1314406,3,179973,3,0,1,1118200,235,333.74999429999997,11,4,1,1,1
1314407,3,179974,3,0,1,107100,23,33.71000051,1,0,0,1,0
1314408,3,179975,3,0,1,877769,160,232.5900005,13,4,1,1,1
1314409,3,179976,3,0,1,212508,33,47.69000006,4,1,1,1,1
1314410,3,179977,3,0,1,1129773,252,358.189997,13,2,1,1,1
1314411,3,179978,3,0,1,637549,120,173.8800035,3,0,0,1,0
1314412,3,179979,3,0,1,151531,28,40.28999949,2,0,0,1,0
1314414,3,179981,3,0,1,790253,135,198.71000049999998,8,2,1,1,1
1314415,3,179982,3,0,1,513161,114,165.6099987,5,2,1,1,1
