Branch,City,Customer type,Gender,Product line,Unit price,Quantity,Tax 5%,Total,Payment,cogs,gross margin percentage,gross income,Rating,day,month,year,Hour,Predicted
0,2,0,0,3,74.69,7,26.1415,548.9715,2,522.83,4.7619047619999995,26.1415,9.1,5,1,2019,13,0
2,1,1,0,0,15.28,5,3.82,80.22,0,76.4,4.7619047619999995,3.82,9.6,8,3,2019,10,1
0,2,1,1,4,46.33,7,16.2155,340.5255,1,324.31,4.7619047619999995,16.2155,7.4,3,3,2019,13,1
0,2,0,1,3,58.22,8,23.288,489.048,2,465.76,4.7619047619999995,23.288,8.4,27,1,2019,20,0
0,2,1,1,5,86.31,7,30.2085,634.3785,2,604.17,4.7619047619999995,30.2085,5.3,8,2,2019,10,1
2,1,1,1,0,85.39,7,29.8865,627.6165,2,597.73,4.7619047619999995,29.8865,4.1,25,3,2019,18,0
0,2,0,0,0,68.84,6,20.651999999999997,433.69199999999995,2,413.04,4.7619047619999995,20.651999999999997,5.8,25,2,2019,14,0
2,1,1,0,4,73.56,10,36.78,772.38,2,735.6,4.7619047619999995,36.78,8.0,24,2,2019,11,1
0,2,0,0,3,36.26,2,3.6260000000000003,76.146,1,72.52,4.7619047619999995,3.6260000000000003,7.2,10,1,2019,17,1
1,0,0,0,2,54.84,3,8.226,172.74599999999998,1,164.52,4.7619047619999995,8.226,5.9,20,2,2019,13,0
1,0,0,0,1,14.48,4,2.8960000000000004,60.816,2,57.92,4.7619047619999995,2.8960000000000004,4.5,6,2,2019,18,0
1,0,0,1,0,25.51,4,5.102,107.14200000000001,0,102.04,4.7619047619999995,5.102,6.8,9,3,2019,17,1
0,2,1,0,0,46.95,5,11.7375,246.4875,2,234.75,4.7619047619999995,11.7375,7.1,12,2,2019,10,1
0,2,1,1,2,43.19,10,21.595,453.495,2,431.9,4.7619047619999995,21.595,8.2,7,2,2019,16,0
0,2,1,0,3,71.38,10,35.69,749.49,0,713.8,4.7619047619999995,35.69,5.7,29,3,2019,19,0
1,0,0,0,5,93.72,6,28.116,590.436,0,562.32,4.7619047619999995,28.116,4.5,15,1,2019,16,0
0,2,0,0,3,68.93,7,24.1255,506.6355,1,482.51,4.7619047619999995,24.1255,4.6,11,3,2019,11,1
0,2,1,1,5,72.61,6,21.783,457.44300000000004,1,435.66,4.7619047619999995,21.783,6.9,1,1,2019,10,0
0,2,1,1,2,54.67,3,8.2005,172.2105,1,164.01,4.7619047619999995,8.2005,8.6,21,1,2019,18,1
1,0,1,0,4,40.3,2,4.03,84.63,2,80.6,4.7619047619999995,4.03,4.4,11,3,2019,15,0
2,1,0,1,0,86.04,5,21.51,451.71,2,430.2,4.7619047619999995,21.51,4.8,25,2,2019,11,1
1,0,1,1,3,87.98,3,13.197000000000001,277.137,2,263.94,4.7619047619999995,13.197000000000001,5.1,5,3,2019,10,1
1,0,1,1,4,33.2,2,3.32,69.72,1,66.4,4.7619047619999995,3.32,4.4,15,3,2019,12,1
0,2,1,1,0,34.56,5,8.64,181.44,2,172.8,4.7619047619999995,8.64,9.9,17,2,2019,11,0
0,2,0,1,5,88.63,3,13.2945,279.1845,2,265.89,4.7619047619999995,13.2945,6.0,2,3,2019,17,1
0,2,0,0,4,52.59,8,21.035999999999998,441.756,1,420.72,4.7619047619999995,21.035999999999998,8.5,22,3,2019,19,0
1,0,1,1,1,33.52,1,1.676,35.196,0,33.52,4.7619047619999995,1.676,6.7,8,2,2019,15,0
0,2,1,0,1,87.67,2,8.767000000000001,184.107,1,175.34,4.7619047619999995,8.767000000000001,7.7,10,3,2019,12,1
1,0,1,0,2,88.36,5,22.09,463.89,0,441.8,4.7619047619999995,22.09,9.6,25,1,2019,19,1
0,2,1,1,3,24.89,9,11.2005,235.2105,0,224.01,4.7619047619999995,11.2005,7.4,15,3,2019,15,1
1,0,1,1,1,94.13,5,23.5325,494.1825,1,470.65,4.7619047619999995,23.5325,4.8,25,2,2019,19,0
1,0,0,1,5,78.07,9,35.1315,737.7615,0,702.63,4.7619047619999995,35.1315,4.5,28,1,2019,12,1
1,0,1,1,5,83.78,8,33.512,703.752,0,670.24,4.7619047619999995,33.512,5.1,10,1,2019,14,0
0,2,1,1,3,96.58,2,9.658,202.81799999999998,1,193.16,4.7619047619999995,9.658,5.1,15,3,2019,10,1
2,1,0,0,2,99.42,4,19.884,417.564,2,397.68,4.7619047619999995,19.884,7.5,6,2,2019,10,0
2,1,0,0,5,68.12,1,3.406,71.52600000000001,2,68.12,4.7619047619999995,3.406,6.8,7,1,2019,12,0
0,2,0,1,5,62.62,5,15.655,328.755,2,313.1,4.7619047619999995,15.655,7.0,10,3,2019,19,1
0,2,1,0,0,60.88,9,27.396,575.316,2,547.92,4.7619047619999995,27.396,4.7,15,1,2019,17,0
2,1,1,0,3,54.92,8,21.968000000000004,461.32800000000003,2,439.36,4.7619047619999995,21.968000000000004,7.6,23,3,2019,13,1
1,0,0,1,4,30.12,8,12.048,253.00799999999998,0,240.96,4.7619047619999995,12.048,7.7,3,3,2019,13,0
1,0,0,0,4,86.72,1,4.336,91.056,2,86.72,4.7619047619999995,4.336,7.9,17,1,2019,18,1
2,1,0,1,4,56.11,2,5.611000000000001,117.831,0,112.22,4.7619047619999995,5.611000000000001,6.3,2,2,2019,10,0
1,0,0,0,5,69.12,6,20.736,435.45599999999996,0,414.72,4.7619047619999995,20.736,5.6,8,2,2019,13,0
2,1,0,0,2,98.7,8,39.48,829.08,0,789.6,4.7619047619999995,39.48,7.6,4,3,2019,20,0
2,1,0,1,3,15.37,2,1.537,32.277,0,30.74,4.7619047619999995,1.537,7.2,16,3,2019,19,0
1,0,0,0,0,93.96,4,18.792,394.63199999999995,0,375.84,4.7619047619999995,18.792,9.5,9,3,2019,18,0
1,0,0,1,3,56.69,9,25.5105,535.7205,1,510.21,4.7619047619999995,25.5105,8.4,27,2,2019,17,1
1,0,0,0,2,20.01,9,9.0045,189.0945,2,180.09,4.7619047619999995,9.0045,4.1,6,2,2019,15,0
1,0,0,1,0,18.93,6,5.678999999999999,119.259,1,113.58,4.7619047619999995,5.678999999999999,8.1,10,2,2019,12,1
2,1,0,0,1,82.63,10,41.315,867.615,2,826.3,4.7619047619999995,41.315,7.9,19,3,2019,17,0
2,1,0,1,2,91.4,7,31.99,671.79,0,639.8,4.7619047619999995,31.99,9.5,3,2,2019,10,0
0,2,0,0,2,44.59,5,11.1475,234.0975,0,222.95,4.7619047619999995,11.1475,8.5,10,2,2019,15,0
1,0,0,0,1,17.87,4,3.574,75.054,2,71.48,4.7619047619999995,3.574,6.5,22,3,2019,14,0
2,1,0,1,1,15.43,1,0.7715,16.2015,1,15.43,4.7619047619999995,0.7715,6.1,25,1,2019,15,1
1,0,1,1,4,16.16,2,1.6159999999999999,33.936,2,32.32,4.7619047619999995,1.6159999999999999,6.5,7,3,2019,11,1
2,1,1,0,0,85.98,8,34.391999999999996,722.232,0,687.84,4.7619047619999995,34.391999999999996,8.2,28,2,2019,19,1
0,2,0,1,4,44.34,2,4.434,93.11399999999999,0,88.68,4.7619047619999995,4.434,5.8,27,3,2019,11,1
0,2,1,1,3,89.6,8,35.84,752.64,2,716.8,4.7619047619999995,35.84,6.6,7,2,2019,11,1
0,2,0,0,4,72.35,10,36.175,759.675,0,723.5,4.7619047619999995,36.175,5.4,20,1,2019,15,0
2,1,1,1,0,30.61,6,9.183,192.843,0,183.66,4.7619047619999995,9.183,9.3,12,3,2019,20,1
2,1,0,0,5,24.74,3,3.7110000000000003,77.931,1,74.22,4.7619047619999995,3.7110000000000003,10.0,15,2,2019,17,0
2,1,1,1,4,55.73,6,16.719,351.099,2,334.38,4.7619047619999995,16.719,7.0,24,2,2019,10,1
1,0,0,0,5,55.07,9,24.7815,520.4115,2,495.63,4.7619047619999995,24.7815,10.0,3,2,2019,13,0
0,2,0,1,5,15.81,10,7.905,166.005,1,158.1,4.7619047619999995,7.905,8.6,6,3,2019,12,0
1,0,0,1,3,75.74,4,15.148,318.108,0,302.96,4.7619047619999995,15.148,7.6,14,2,2019,14,0
0,2,0,1,3,15.87,10,7.935,166.635,0,158.7,4.7619047619999995,7.935,5.8,13,3,2019,16,1
2,1,1,0,3,33.47,2,3.347,70.28699999999999,2,66.94,4.7619047619999995,3.347,6.7,10,2,2019,15,0
1,0,0,0,1,97.61,6,29.283,614.943,2,585.66,4.7619047619999995,29.283,9.9,7,1,2019,15,0
0,2,1,1,5,78.77,10,39.385,827.085,0,787.7,4.7619047619999995,39.385,6.4,24,1,2019,10,1
0,2,0,0,3,18.33,1,0.9165,19.2465,0,18.33,4.7619047619999995,0.9165,4.3,2,2,2019,18,0
2,1,1,1,2,89.48,10,44.74,939.54,1,894.8,4.7619047619999995,44.74,9.6,6,1,2019,12,1
2,1,1,1,1,62.12,10,31.06,652.26,0,621.2,4.7619047619999995,31.06,5.9,11,2,2019,16,1
1,0,0,0,2,48.52,3,7.278,152.838,2,145.56,4.7619047619999995,7.278,4.0,5,3,2019,18,0
2,1,1,0,0,75.91,6,22.773000000000003,478.233,0,455.46,4.7619047619999995,22.773000000000003,8.7,9,3,2019,18,1
0,2,1,1,4,74.67,9,33.6015,705.6315,2,672.03,4.7619047619999995,33.6015,9.4,22,1,2019,10,1
2,1,1,0,0,41.65,10,20.825,437.325,1,416.5,4.7619047619999995,20.825,5.4,13,1,2019,17,1
2,1,0,1,1,49.04,9,22.068,463.42800000000005,1,441.36,4.7619047619999995,22.068,8.6,9,1,2019,14,0
0,2,0,0,1,20.01,9,9.0045,189.0945,1,180.09,4.7619047619999995,9.0045,5.7,12,1,2019,15,1
2,1,0,0,2,78.31,10,39.155,822.255,2,783.1,4.7619047619999995,39.155,6.6,5,3,2019,16,0
2,1,1,0,3,20.38,5,5.095,106.995,0,101.9,4.7619047619999995,5.095,6.0,22,1,2019,18,1
2,1,1,0,3,99.19,6,29.756999999999998,624.8969999999999,1,595.14,4.7619047619999995,29.756999999999998,5.5,21,1,2019,14,0
1,0,1,0,2,96.68,3,14.502,304.54200000000003,2,290.04,4.7619047619999995,14.502,6.4,26,1,2019,19,0
2,1,1,1,2,19.25,8,7.7,161.7,2,154.0,4.7619047619999995,7.7,6.6,23,1,2019,18,1
2,1,0,0,2,80.36,4,16.072,337.51199999999994,1,321.44,4.7619047619999995,16.072,8.3,23,2,2019,18,0
2,1,0,1,5,48.91,5,12.2275,256.7775,0,244.55,4.7619047619999995,12.2275,6.6,9,3,2019,10,0
2,1,1,0,5,83.06,7,29.070999999999998,610.491,2,581.42,4.7619047619999995,29.070999999999998,4.0,5,3,2019,14,0
2,1,1,1,1,76.52,5,19.13,401.73,0,382.6,4.7619047619999995,19.13,9.9,25,3,2019,10,1
0,2,0,1,2,49.38,7,17.283,362.94300000000004,1,345.66,4.7619047619999995,17.283,7.3,27,3,2019,20,0
0,2,1,1,5,42.47,1,2.1235,44.5935,0,42.47,4.7619047619999995,2.1235,5.7,2,1,2019,16,1
1,0,1,0,3,76.99,6,23.096999999999998,485.037,0,461.94,4.7619047619999995,23.096999999999998,6.1,27,2,2019,17,0
2,1,0,0,4,47.38,4,9.476,198.99599999999998,0,189.52,4.7619047619999995,9.476,7.1,23,1,2019,10,0
2,1,1,0,5,44.86,10,22.43,471.03,2,448.6,4.7619047619999995,22.43,8.2,26,1,2019,19,0
0,2,0,0,5,21.98,7,7.693,161.553,2,153.86,4.7619047619999995,7.693,5.1,10,1,2019,16,0
1,0,0,1,3,64.36,9,28.962,608.202,1,579.24,4.7619047619999995,28.962,8.6,12,3,2019,12,1
2,1,1,1,3,89.75,1,4.4875,94.2375,1,89.75,4.7619047619999995,4.4875,6.6,6,2,2019,20,1
0,2,1,1,0,97.16,1,4.8580000000000005,102.01799999999999,2,97.16,4.7619047619999995,4.8580000000000005,7.2,8,3,2019,20,1
1,0,1,1,3,87.87,10,43.935,922.635,2,878.7,4.7619047619999995,43.935,5.1,29,3,2019,10,1
2,1,1,0,0,12.45,6,3.735,78.435,0,74.7,4.7619047619999995,3.735,4.1,9,2,2019,13,1
0,2,1,1,2,52.75,3,7.9125,166.1625,2,158.25,4.7619047619999995,7.9125,9.3,23,3,2019,10,1
1,0,1,1,4,82.7,6,24.81,521.01,0,496.2,4.7619047619999995,24.81,7.4,5,3,2019,18,0
2,1,0,1,1,48.71,1,2.4355,51.1455,0,48.71,4.7619047619999995,2.4355,4.1,26,3,2019,19,0
2,1,1,1,1,78.55,9,35.3475,742.2975,0,706.95,4.7619047619999995,35.3475,7.2,1,3,2019,13,0
2,1,1,0,0,23.07,9,10.3815,218.0115,0,207.63,4.7619047619999995,10.3815,4.9,1,2,2019,11,1
0,2,1,1,2,58.26,6,17.477999999999998,367.038,0,349.56,4.7619047619999995,17.477999999999998,9.9,28,3,2019,16,1
1,0,1,1,3,30.35,7,10.6225,223.0725,0,212.45,4.7619047619999995,10.6225,8.0,19,3,2019,18,1
0,2,0,1,0,88.67,10,44.335,931.035,2,886.7,4.7619047619999995,44.335,7.3,12,1,2019,14,1
2,1,1,1,1,27.38,6,8.214,172.49400000000003,1,164.28,4.7619047619999995,8.214,7.9,5,1,2019,20,1
0,2,1,1,5,62.13,6,18.639,391.41900000000004,0,372.78,4.7619047619999995,18.639,7.4,22,3,2019,20,1
2,1,1,0,2,33.98,9,15.290999999999999,321.111,0,305.82,4.7619047619999995,15.290999999999999,4.2,24,3,2019,10,1
2,1,0,1,0,81.97,10,40.985,860.685,0,819.7,4.7619047619999995,40.985,9.2,3,3,2019,14,0
1,0,0,0,5,16.49,2,1.649,34.629,2,32.98,4.7619047619999995,1.649,4.6,5,2,2019,11,0
2,1,0,0,3,98.21,3,14.7315,309.3615,1,294.63,4.7619047619999995,14.7315,7.8,5,2,2019,10,0
1,0,1,0,1,72.84,7,25.494,535.374,0,509.88,4.7619047619999995,25.494,8.4,15,2,2019,12,1
0,2,0,1,4,58.07,9,26.1315,548.7615,2,522.63,4.7619047619999995,26.1315,4.3,19,1,2019,20,0
2,1,0,0,4,80.79,9,36.3555,763.4655,1,727.11,4.7619047619999995,36.3555,9.5,1,2,2019,20,0
2,1,1,0,1,27.02,3,4.053,85.113,1,81.06,4.7619047619999995,4.053,7.1,2,3,2019,13,1
1,0,0,1,1,21.94,5,5.485,115.185,2,109.7,4.7619047619999995,5.485,5.3,5,3,2019,12,1
1,0,0,1,1,51.36,1,2.568,53.928000000000004,2,51.36,4.7619047619999995,2.568,5.2,16,1,2019,15,1
0,2,1,0,2,10.96,10,5.48,115.08,2,109.6,4.7619047619999995,5.48,6.0,2,2,2019,20,0
1,0,1,1,4,53.44,2,5.343999999999999,112.22399999999999,2,106.88,4.7619047619999995,5.343999999999999,4.1,20,1,2019,20,1
0,2,1,0,0,99.56,8,39.824,836.304,1,796.48,4.7619047619999995,39.824,5.2,14,2,2019,17,1
2,1,0,1,5,57.12,7,19.992,419.832,1,399.84,4.7619047619999995,19.992,6.5,12,1,2019,12,0
1,0,0,1,5,99.96,9,44.982,944.622,1,899.64,4.7619047619999995,44.982,4.2,9,3,2019,17,0
2,1,0,1,4,63.91,8,25.564,536.844,1,511.28,4.7619047619999995,25.564,4.6,13,3,2019,19,0
1,0,0,0,1,56.47,8,22.588,474.348,2,451.76,4.7619047619999995,22.588,7.3,9,3,2019,14,0
0,2,1,0,4,93.69,7,32.7915,688.6215,1,655.83,4.7619047619999995,32.7915,4.5,10,3,2019,18,0
0,2,1,0,5,32.25,5,8.0625,169.3125,0,161.25,4.7619047619999995,8.0625,9.0,27,1,2019,13,0
2,1,1,0,1,31.73,9,14.2785,299.8485,1,285.57,4.7619047619999995,14.2785,5.9,8,1,2019,16,1
2,1,0,0,2,68.54,8,27.416,575.736,2,548.32,4.7619047619999995,27.416,8.5,8,1,2019,15,0
1,0,1,0,5,90.28,9,40.626,853.1460000000001,2,812.52,4.7619047619999995,40.626,7.2,8,2,2019,11,1
1,0,1,0,1,39.62,7,13.867,291.207,0,277.34,4.7619047619999995,13.867,7.5,25,1,2019,13,1
0,2,0,0,5,92.13,6,27.639,580.419,0,552.78,4.7619047619999995,27.639,8.3,6,3,2019,20,0
1,0,1,0,5,34.84,4,6.968,146.328,0,139.36,4.7619047619999995,6.968,7.4,10,2,2019,18,0
1,0,0,1,0,87.45,6,26.235,550.935,1,524.7,4.7619047619999995,26.235,8.8,17,2,2019,14,1
2,1,1,0,3,81.3,6,24.39,512.19,2,487.8,4.7619047619999995,24.39,5.3,8,3,2019,16,0
2,1,1,1,1,90.22,3,13.533,284.193,0,270.66,4.7619047619999995,13.533,6.2,18,2,2019,19,0
0,2,1,0,0,26.31,5,6.5775,138.1275,1,131.55,4.7619047619999995,6.5775,8.8,18,1,2019,20,1
0,2,0,0,4,34.42,6,10.325999999999999,216.84599999999998,0,206.52,4.7619047619999995,10.325999999999999,9.8,18,2,2019,15,0
1,0,1,1,5,51.91,10,25.955,545.055,0,519.1,4.7619047619999995,25.955,8.2,16,2,2019,12,0
0,2,1,1,5,72.5,8,29.0,609.0,2,580.0,4.7619047619999995,29.0,9.2,16,3,2019,19,1
2,1,0,0,5,89.8,10,44.9,942.9,1,898.0,4.7619047619999995,44.9,5.4,23,1,2019,13,1
2,1,0,1,3,90.5,10,45.25,950.25,0,905.0,4.7619047619999995,45.25,8.1,25,1,2019,13,1
2,1,0,0,3,68.6,10,34.3,720.3,0,686.0,4.7619047619999995,34.3,9.1,5,2,2019,19,0
2,1,0,0,2,30.41,1,1.5205,31.9305,1,30.41,4.7619047619999995,1.5205,8.4,22,2,2019,10,0
0,2,1,0,4,77.95,6,23.385,491.085,2,467.7,4.7619047619999995,23.385,8.0,21,1,2019,16,0
2,1,1,0,3,46.26,6,13.878,291.438,1,277.56,4.7619047619999995,13.878,9.5,8,3,2019,17,0
0,2,0,0,1,30.14,10,15.07,316.47,2,301.4,4.7619047619999995,15.07,9.2,10,2,2019,12,0
2,1,1,1,3,66.14,4,13.228,277.788,1,264.56,4.7619047619999995,13.228,5.6,19,3,2019,12,1
1,0,0,1,4,71.86,8,28.744,603.624,1,574.88,4.7619047619999995,28.744,6.2,6,3,2019,15,0
0,2,1,1,3,32.46,8,12.984000000000002,272.664,1,259.68,4.7619047619999995,12.984000000000002,4.9,27,3,2019,13,1
1,0,0,0,1,91.54,4,18.308,384.468,1,366.16,4.7619047619999995,18.308,4.8,23,3,2019,19,0
2,1,0,1,5,34.56,7,12.095999999999998,254.016,1,241.92,4.7619047619999995,12.095999999999998,7.3,11,3,2019,16,0
0,2,1,1,1,83.24,9,37.458,786.618,1,749.16,4.7619047619999995,37.458,7.4,29,1,2019,11,1
2,1,1,0,2,16.48,6,4.944,103.824,2,98.88,4.7619047619999995,4.944,9.9,7,2,2019,18,1
2,1,1,0,5,80.97,8,32.388000000000005,680.148,0,647.76,4.7619047619999995,32.388000000000005,9.3,28,1,2019,13,1
0,2,0,1,2,92.29,5,23.0725,484.5225,1,461.45,4.7619047619999995,23.0725,9.0,20,2,2019,15,0
1,0,0,1,0,72.17,1,3.6085,75.7785,0,72.17,4.7619047619999995,3.6085,6.1,4,1,2019,19,0
1,0,1,1,4,50.28,5,12.57,263.97,2,251.4,4.7619047619999995,12.57,9.7,7,3,2019,13,1
1,0,0,1,3,97.22,9,43.748999999999995,918.7289999999999,2,874.98,4.7619047619999995,43.748999999999995,6.0,30,3,2019,14,1
1,0,1,1,5,93.39,6,28.017,588.357,2,560.34,4.7619047619999995,28.017,10.0,27,3,2019,19,1
2,1,1,0,2,43.18,8,17.272000000000002,362.712,1,345.44,4.7619047619999995,17.272000000000002,8.3,19,1,2019,19,1
0,2,1,1,5,63.69,1,3.1845,66.8745,0,63.69,4.7619047619999995,3.1845,6.0,25,2,2019,16,1
0,2,1,1,2,45.79,7,16.0265,336.5565,1,320.53,4.7619047619999995,16.0265,7.0,13,3,2019,19,1
2,1,1,1,5,76.4,2,7.64,160.44,2,152.8,4.7619047619999995,7.64,6.5,30,1,2019,19,1
1,0,1,1,2,39.9,10,19.95,418.95,1,399.0,4.7619047619999995,19.95,5.9,20,2,2019,15,1
1,0,0,1,3,42.57,8,17.028,357.588,2,340.56,4.7619047619999995,17.028,5.6,25,2,2019,14,1
2,1,1,1,4,95.58,10,47.79,1003.59,0,955.8,4.7619047619999995,47.79,4.8,16,1,2019,13,1
0,2,1,1,1,98.98,10,49.49,1039.29,1,989.8,4.7619047619999995,49.49,8.7,8,2,2019,16,1
0,2,1,1,2,51.28,6,15.384,323.064,0,307.68,4.7619047619999995,15.384,6.5,19,1,2019,16,1
0,2,0,1,5,69.52,7,24.331999999999997,510.972,1,486.64,4.7619047619999995,24.331999999999997,8.5,1,2,2019,15,0
0,2,1,1,3,70.01,5,17.5025,367.5525,2,350.05,4.7619047619999995,17.5025,5.5,3,1,2019,11,0
1,0,0,1,2,80.05,5,20.0125,420.2625,1,400.25,4.7619047619999995,20.0125,9.4,26,1,2019,12,0
2,1,1,1,0,20.85,8,8.34,175.14,0,166.8,4.7619047619999995,8.34,6.3,3,3,2019,19,1
1,0,0,1,0,52.89,6,15.867,333.207,1,317.34,4.7619047619999995,15.867,9.8,19,1,2019,17,1
1,0,1,1,2,19.79,8,7.916,166.236,2,158.32,4.7619047619999995,7.916,8.7,18,1,2019,12,1
0,2,0,1,4,33.84,9,15.228,319.788,2,304.56,4.7619047619999995,15.228,8.8,21,3,2019,16,1
0,2,0,1,2,22.17,8,8.868,186.22799999999998,1,177.36,4.7619047619999995,8.868,9.6,3,3,2019,17,0
2,1,1,0,1,22.51,7,7.8785,165.4485,1,157.57,4.7619047619999995,7.8785,4.8,13,2,2019,10,1
0,2,1,1,2,73.88,6,22.164,465.444,2,443.28,4.7619047619999995,22.164,4.4,23,3,2019,19,0
2,1,0,1,3,86.8,3,13.02,273.42,2,260.4,4.7619047619999995,13.02,9.9,28,1,2019,16,0
2,1,1,1,1,64.26,7,22.491,472.311,0,449.82,4.7619047619999995,22.491,5.7,9,2,2019,10,1
2,1,0,1,2,38.47,8,15.388,323.14799999999997,0,307.76,4.7619047619999995,15.388,7.7,23,1,2019,11,1
0,2,0,1,5,15.5,10,7.75,162.75,2,155.0,4.7619047619999995,7.75,8.0,23,3,2019,10,0
2,1,1,1,3,34.31,8,13.724,288.204,2,274.48,4.7619047619999995,13.724,5.7,25,1,2019,15,1
0,2,1,0,5,12.34,7,4.319,90.699,1,86.38,4.7619047619999995,4.319,6.7,4,3,2019,11,0
1,0,0,1,2,18.08,3,2.7119999999999997,56.952,2,54.24,4.7619047619999995,2.7119999999999997,8.0,5,3,2019,19,1
1,0,0,0,4,94.49,8,37.796,793.716,2,755.92,4.7619047619999995,37.796,7.5,3,3,2019,19,0
1,0,0,1,4,46.47,4,9.294,195.174,0,185.88,4.7619047619999995,9.294,7.0,8,2,2019,10,0
0,2,1,1,4,74.07,1,3.7035,77.7735,2,74.07,4.7619047619999995,3.7035,9.9,10,2,2019,12,1
2,1,1,0,4,69.81,4,13.962,293.202,1,279.24,4.7619047619999995,13.962,5.9,28,1,2019,20,0
1,0,1,0,4,77.04,3,11.556,242.676,1,231.12,4.7619047619999995,11.556,7.2,11,2,2019,10,0
1,0,1,0,1,73.52,2,7.352,154.392,2,147.04,4.7619047619999995,7.352,4.6,15,1,2019,13,0
2,1,1,0,2,87.8,9,39.51,829.71,0,790.2,4.7619047619999995,39.51,9.2,16,3,2019,19,0
1,0,1,1,4,25.55,4,5.11,107.31,2,102.2,4.7619047619999995,5.11,5.7,26,1,2019,20,1
0,2,1,1,0,32.71,5,8.1775,171.7275,1,163.55,4.7619047619999995,8.1775,9.9,19,3,2019,11,1
2,1,0,0,1,74.29,1,3.7145,78.0045,0,74.29,4.7619047619999995,3.7145,5.0,13,1,2019,19,0
2,1,0,1,3,43.7,2,4.37,91.77,0,87.4,4.7619047619999995,4.37,4.9,26,3,2019,18,0
0,2,1,0,4,25.29,1,1.2645,26.5545,2,25.29,4.7619047619999995,1.2645,6.1,23,3,2019,10,0
2,1,1,1,3,41.5,4,8.3,174.3,1,166.0,4.7619047619999995,8.3,8.2,12,3,2019,19,1
2,1,0,0,2,71.39,5,17.8475,374.7975,1,356.95,4.7619047619999995,17.8475,5.5,17,2,2019,19,0
2,1,0,0,5,19.15,6,5.745,120.645,1,114.9,4.7619047619999995,5.745,6.8,29,1,2019,10,0
1,0,0,0,0,57.49,4,11.498,241.458,0,229.96,4.7619047619999995,11.498,6.6,15,3,2019,11,1
2,1,1,1,0,61.41,7,21.4935,451.3635,0,429.87,4.7619047619999995,21.4935,9.8,14,1,2019,10,1
1,0,0,1,3,25.9,10,12.95,271.95,2,259.0,4.7619047619999995,12.95,8.7,6,2,2019,14,0
1,0,0,1,4,17.77,5,4.4425,93.2925,1,88.85,4.7619047619999995,4.4425,5.4,15,2,2019,12,1
0,2,1,0,3,23.03,9,10.3635,217.6335,2,207.27,4.7619047619999995,10.3635,7.9,3,1,2019,12,0
2,1,0,0,0,66.65,9,29.9925,629.8425,1,599.85,4.7619047619999995,29.9925,9.7,4,1,2019,18,0
2,1,0,0,4,28.53,10,14.265,299.565,2,285.3,4.7619047619999995,14.265,7.8,18,3,2019,17,0
1,0,1,0,1,30.37,3,4.5555,95.6655,2,91.11,4.7619047619999995,4.5555,5.1,28,3,2019,13,0
1,0,1,0,0,99.73,9,44.8785,942.4485,1,897.57,4.7619047619999995,44.8785,6.5,2,3,2019,19,0
0,2,1,1,0,26.23,9,11.8035,247.8735,2,236.07,4.7619047619999995,11.8035,5.9,25,1,2019,20,1
2,1,1,0,2,93.26,9,41.967,881.307,0,839.34,4.7619047619999995,41.967,8.8,16,1,2019,18,1
1,0,1,1,4,92.36,5,23.09,484.89,2,461.8,4.7619047619999995,23.09,4.9,20,3,2019,19,1
1,0,1,1,5,46.42,3,6.962999999999999,146.22299999999998,1,139.26,4.7619047619999995,6.962999999999999,4.4,4,1,2019,13,1
1,0,0,0,5,29.61,7,10.3635,217.6335,0,207.27,4.7619047619999995,10.3635,6.5,11,3,2019,15,0
0,2,1,1,4,18.28,1,0.914,19.194000000000003,1,18.28,4.7619047619999995,0.914,8.3,22,3,2019,15,1
1,0,1,0,5,24.77,5,6.1925,130.0425,0,123.85,4.7619047619999995,6.1925,8.5,24,3,2019,18,0
0,2,0,0,0,94.64,3,14.196,298.116,0,283.92,4.7619047619999995,14.196,5.5,21,2,2019,16,0
1,0,1,1,1,94.87,8,37.948,796.908,2,758.96,4.7619047619999995,37.948,8.7,12,2,2019,12,1
1,0,1,0,2,57.34,3,8.601,180.62099999999998,1,172.02,4.7619047619999995,8.601,7.9,10,3,2019,18,0
1,0,1,1,0,45.35,6,13.605,285.705,2,272.1,4.7619047619999995,13.605,6.1,31,1,2019,13,1
1,0,1,1,2,62.08,7,21.728,456.288,2,434.56,4.7619047619999995,21.728,5.4,6,3,2019,13,1
2,1,1,1,0,11.81,5,2.9525,62.0025,0,59.05,4.7619047619999995,2.9525,9.4,17,2,2019,18,1
2,1,0,0,1,12.54,1,0.627,13.167,0,12.54,4.7619047619999995,0.627,8.2,21,2,2019,12,0
0,2,1,1,2,43.25,2,4.325,90.825,0,86.5,4.7619047619999995,4.325,6.2,20,3,2019,15,1
2,1,0,0,5,87.16,2,8.716000000000001,183.03599999999997,1,174.32,4.7619047619999995,8.716000000000001,9.7,11,1,2019,14,0
1,0,0,1,3,69.37,9,31.2165,655.5465,2,624.33,4.7619047619999995,31.2165,4.0,26,1,2019,19,0
2,1,0,1,0,37.06,4,7.412000000000001,155.65200000000002,2,148.24,4.7619047619999995,7.412000000000001,9.7,31,1,2019,16,1
1,0,0,0,0,90.7,6,27.21,571.41,0,544.2,4.7619047619999995,27.21,5.3,26,2,2019,10,1
0,2,1,0,4,63.42,8,25.368000000000002,532.7280000000001,2,507.36,4.7619047619999995,25.368000000000002,7.4,11,3,2019,12,1
1,0,1,0,1,81.37,2,8.137,170.877,0,162.74,4.7619047619999995,8.137,6.5,26,1,2019,19,0
1,0,0,0,0,10.59,3,1.5885,33.3585,1,31.77,4.7619047619999995,1.5885,8.7,12,3,2019,13,0
1,0,1,0,3,84.09,9,37.8405,794.6505,0,756.81,4.7619047619999995,37.8405,8.0,11,2,2019,10,1
1,0,0,1,1,73.82,4,14.764000000000001,310.04400000000004,0,295.28,4.7619047619999995,14.764000000000001,6.7,21,2,2019,18,0
0,2,0,1,3,51.94,10,25.97,545.37,2,519.4,4.7619047619999995,25.97,6.5,9,3,2019,18,0
0,2,1,0,5,93.14,2,9.314,195.59400000000002,2,186.28,4.7619047619999995,9.314,4.1,20,1,2019,18,0
2,1,1,1,3,17.41,5,4.3525,91.4025,1,87.05,4.7619047619999995,4.3525,4.9,28,1,2019,15,1
2,1,0,0,1,44.22,5,11.055,232.155,1,221.1,4.7619047619999995,11.055,8.6,5,3,2019,17,0
1,0,0,0,0,13.22,5,3.305,69.405,0,66.1,4.7619047619999995,3.305,4.3,2,3,2019,19,0
0,2,1,1,1,89.69,1,4.4845,94.1745,2,89.69,4.7619047619999995,4.4845,4.9,11,1,2019,11,0
0,2,1,1,2,24.94,9,11.222999999999999,235.683,1,224.46,4.7619047619999995,11.222999999999999,5.6,11,1,2019,16,1
0,2,1,1,3,59.77,2,5.977,125.51700000000001,1,119.54,4.7619047619999995,5.977,5.8,11,3,2019,12,1
2,1,0,1,1,93.2,2,9.32,195.72,1,186.4,4.7619047619999995,9.32,6.0,28,2,2019,18,0
0,2,0,1,4,62.65,4,12.53,263.13,0,250.6,4.7619047619999995,12.53,4.2,5,1,2019,11,0
1,0,1,1,4,93.87,8,37.548,788.508,1,750.96,4.7619047619999995,37.548,8.3,2,2,2019,18,0
0,2,0,1,4,47.59,8,19.035999999999998,399.756,0,380.72,4.7619047619999995,19.035999999999998,5.7,1,1,2019,14,0
1,0,0,0,0,81.4,3,12.21,256.41,0,244.2,4.7619047619999995,12.21,4.8,9,2,2019,19,0
0,2,0,1,1,17.94,5,4.485,94.185,2,89.7,4.7619047619999995,4.485,6.8,23,1,2019,14,1
0,2,0,1,0,77.72,4,15.544,326.42400000000004,1,310.88,4.7619047619999995,15.544,8.8,7,1,2019,16,0
1,0,1,1,2,73.06,7,25.570999999999998,536.991,1,511.42,4.7619047619999995,25.570999999999998,4.2,14,1,2019,19,0
1,0,0,1,2,46.55,9,20.9475,439.8975,2,418.95,4.7619047619999995,20.9475,6.4,2,2,2019,15,0
2,1,0,1,1,35.19,10,17.595,369.495,1,351.9,4.7619047619999995,17.595,8.4,17,3,2019,19,1
2,1,1,0,5,14.39,2,1.439,30.219,1,28.78,4.7619047619999995,1.439,7.2,2,3,2019,19,0
0,2,1,1,4,23.75,4,4.75,99.75,0,95.0,4.7619047619999995,4.75,5.2,16,3,2019,11,1
0,2,0,1,4,58.9,8,23.56,494.76,0,471.2,4.7619047619999995,23.56,8.9,6,1,2019,11,0
1,0,0,1,1,32.62,4,6.524,137.004,0,130.48,4.7619047619999995,6.524,9.0,29,1,2019,14,1
0,2,0,1,0,66.35,1,3.3175,69.6675,1,66.35,4.7619047619999995,3.3175,9.7,31,1,2019,10,0
0,2,0,1,4,25.91,6,7.773,163.233,2,155.46,4.7619047619999995,7.773,8.7,5,2,2019,10,1
0,2,0,1,0,32.25,4,6.45,135.45,2,129.0,4.7619047619999995,6.45,6.5,13,2,2019,12,1
2,1,0,1,0,65.94,4,13.187999999999999,276.948,1,263.76,4.7619047619999995,13.187999999999999,6.9,7,2,2019,13,1
0,2,1,0,0,75.06,9,33.777,709.317,2,675.54,4.7619047619999995,33.777,6.2,19,3,2019,13,1
2,1,1,0,1,16.45,4,3.29,69.09,2,65.8,4.7619047619999995,3.29,5.6,7,3,2019,14,0
1,0,0,0,1,38.3,4,7.66,160.86,0,153.2,4.7619047619999995,7.66,5.7,13,3,2019,19,0
0,2,0,0,5,22.24,10,11.12,233.52,0,222.4,4.7619047619999995,11.12,4.2,9,2,2019,11,0
1,0,1,1,5,54.45,1,2.7225,57.1725,2,54.45,4.7619047619999995,2.7225,7.9,26,2,2019,19,1
0,2,0,0,5,98.4,7,34.44,723.24,1,688.8,4.7619047619999995,34.44,8.7,12,3,2019,12,0
2,1,1,1,4,35.47,4,7.093999999999999,148.974,1,141.88,4.7619047619999995,7.093999999999999,6.9,14,3,2019,17,1
1,0,0,0,2,74.6,10,37.3,783.3,0,746.0,4.7619047619999995,37.3,9.5,8,1,2019,20,0
0,2,0,1,4,70.74,4,14.148,297.108,1,282.96,4.7619047619999995,14.148,4.4,5,1,2019,16,0
0,2,0,0,4,35.54,10,17.77,373.17,2,355.4,4.7619047619999995,17.77,7.0,4,1,2019,13,0
1,0,1,0,5,67.43,5,16.8575,354.0075,2,337.15,4.7619047619999995,16.8575,6.3,6,3,2019,18,0
2,1,0,0,3,21.12,2,2.112,44.352,0,42.24,4.7619047619999995,2.112,9.7,3,1,2019,19,0
0,2,0,0,4,21.54,9,9.693,203.553,1,193.86,4.7619047619999995,9.693,8.8,7,1,2019,11,0
0,2,1,0,4,12.03,2,1.203,25.263,0,24.06,4.7619047619999995,1.203,5.1,27,1,2019,15,1
1,0,1,0,3,99.71,6,29.913,628.173,2,598.26,4.7619047619999995,29.913,7.9,26,2,2019,16,1
1,0,1,1,1,47.97,7,16.7895,352.5795,0,335.79,4.7619047619999995,16.7895,6.2,7,1,2019,20,1
2,1,0,0,4,21.82,10,10.91,229.11,0,218.2,4.7619047619999995,10.91,7.1,7,1,2019,17,0
2,1,1,0,1,95.42,4,19.084,400.764,2,381.68,4.7619047619999995,19.084,6.4,2,2,2019,13,0
2,1,0,1,1,70.99,10,35.495,745.395,0,709.9,4.7619047619999995,35.495,5.7,20,3,2019,16,1
0,2,0,1,5,44.02,10,22.01,462.21,1,440.2,4.7619047619999995,22.01,9.6,20,3,2019,19,0
0,2,1,0,4,69.96,8,27.984,587.664,1,559.68,4.7619047619999995,27.984,6.4,15,2,2019,17,0
2,1,1,1,4,37.0,1,1.85,38.85,1,37.0,4.7619047619999995,1.85,7.9,6,3,2019,13,1
0,2,1,0,5,15.34,1,0.767,16.107,0,15.34,4.7619047619999995,0.767,6.5,6,1,2019,11,0
0,2,0,1,3,99.83,6,29.949,628.929,2,598.98,4.7619047619999995,29.949,8.5,4,3,2019,15,1
0,2,0,0,3,47.67,4,9.533999999999999,200.21400000000003,0,190.68,4.7619047619999995,9.533999999999999,9.1,12,3,2019,14,0
1,0,1,1,3,66.68,5,16.67,350.07,0,333.4,4.7619047619999995,16.67,7.6,20,2,2019,18,1
2,1,0,1,4,74.86,1,3.7430000000000003,78.60300000000001,0,74.86,4.7619047619999995,3.7430000000000003,6.9,24,3,2019,14,0
2,1,1,0,5,23.75,9,10.6875,224.4375,0,213.75,4.7619047619999995,10.6875,9.5,31,1,2019,12,1
1,0,1,0,2,48.51,7,16.9785,356.5485,1,339.57,4.7619047619999995,16.9785,5.2,25,1,2019,13,1
0,2,0,0,4,94.88,7,33.208,697.368,0,664.16,4.7619047619999995,33.208,4.2,3,2,2019,14,0
1,0,0,1,0,40.3,10,20.15,423.15,1,403.0,4.7619047619999995,20.15,7.0,24,1,2019,17,1
2,1,1,1,0,27.85,7,9.7475,204.6975,2,194.95,4.7619047619999995,9.7475,6.0,14,3,2019,17,1
0,2,0,0,0,62.48,1,3.1239999999999997,65.604,0,62.48,4.7619047619999995,3.1239999999999997,4.7,18,2,2019,20,0
0,2,0,0,2,36.36,2,3.636,76.35600000000001,0,72.72,4.7619047619999995,3.636,7.1,21,1,2019,10,0
1,0,1,1,3,18.11,10,9.055,190.155,2,181.1,4.7619047619999995,9.055,5.9,13,3,2019,11,1
2,1,0,0,0,51.92,5,12.98,272.58,0,259.6,4.7619047619999995,12.98,7.5,3,3,2019,13,1
2,1,1,1,0,28.84,4,5.768,121.12799999999999,0,115.36,4.7619047619999995,5.768,6.4,29,3,2019,14,1
0,2,0,1,4,78.38,6,23.514,493.79400000000004,2,470.28,4.7619047619999995,23.514,5.8,10,1,2019,14,0
0,2,0,1,4,60.01,4,12.002,252.042,0,240.04,4.7619047619999995,12.002,4.5,25,1,2019,15,1
2,1,0,0,4,88.61,1,4.4305,93.0405,0,88.61,4.7619047619999995,4.4305,7.7,19,1,2019,10,0
2,1,1,1,1,99.82,2,9.982000000000001,209.622,1,199.64,4.7619047619999995,9.982000000000001,6.7,2,1,2019,18,1
1,0,0,1,3,39.01,1,1.9505,40.9605,1,39.01,4.7619047619999995,1.9505,4.7,12,3,2019,16,1
2,1,1,1,2,48.61,1,2.4305,51.0405,0,48.61,4.7619047619999995,2.4305,4.4,25,2,2019,15,0
0,2,1,0,0,51.19,4,10.238,214.998,1,204.76,4.7619047619999995,10.238,4.7,18,3,2019,17,0
1,0,1,0,0,14.96,8,5.984,125.664,0,119.68,4.7619047619999995,5.984,8.6,23,2,2019,12,1
0,2,0,1,0,72.2,7,25.27,530.67,2,505.4,4.7619047619999995,25.27,4.3,26,3,2019,20,0
0,2,1,0,5,40.23,7,14.0805,295.6905,0,281.61,4.7619047619999995,14.0805,9.6,30,3,2019,13,0
0,2,0,0,4,88.79,8,35.516,745.836,0,710.32,4.7619047619999995,35.516,4.1,17,2,2019,17,0
0,2,0,0,0,26.48,3,3.972,83.412,2,79.44,4.7619047619999995,3.972,4.7,21,3,2019,10,0
0,2,1,0,1,81.91,2,8.191,172.011,0,163.82,4.7619047619999995,8.191,7.8,5,3,2019,17,0
1,0,0,1,5,79.93,6,23.979,503.559,0,479.58,4.7619047619999995,23.979,5.5,31,1,2019,14,1
2,1,0,1,1,69.33,2,6.933,145.593,2,138.66,4.7619047619999995,6.933,9.7,5,2,2019,19,1
0,2,0,0,2,14.23,5,3.5575,74.7075,1,71.15,4.7619047619999995,3.5575,4.4,1,2,2019,10,0
0,2,0,0,3,15.55,9,6.9975,146.9475,0,139.95,4.7619047619999995,6.9975,5.0,7,3,2019,13,0
2,1,0,0,0,78.13,10,39.065,820.365,0,781.3,4.7619047619999995,39.065,4.4,10,2,2019,20,0
2,1,0,1,2,99.37,2,9.937000000000001,208.67700000000002,0,198.74,4.7619047619999995,9.937000000000001,5.2,14,2,2019,17,0
2,1,0,0,2,21.08,3,3.162,66.402,0,63.24,4.7619047619999995,3.162,7.3,9,2,2019,10,0
2,1,0,1,0,74.79,5,18.6975,392.6475,0,373.95,4.7619047619999995,18.6975,4.9,10,1,2019,11,1
2,1,0,0,3,29.67,7,10.3845,218.0745,1,207.69,4.7619047619999995,10.3845,8.1,11,3,2019,18,0
2,1,0,1,3,44.07,4,8.814,185.09400000000002,2,176.28,4.7619047619999995,8.814,8.4,18,2,2019,16,1
2,1,1,0,2,22.93,9,10.3185,216.6885,0,206.37,4.7619047619999995,10.3185,5.5,26,2,2019,20,1
2,1,1,0,3,39.42,1,1.9709999999999999,41.391000000000005,0,39.42,4.7619047619999995,1.9709999999999999,8.4,18,1,2019,15,0
0,2,1,1,3,15.26,6,4.578,96.13799999999999,2,91.56,4.7619047619999995,4.578,9.8,15,2,2019,18,1
0,2,1,0,1,61.77,5,15.4425,324.2925,0,308.85,4.7619047619999995,15.4425,6.7,8,3,2019,13,1
0,2,1,1,4,21.52,6,6.456,135.576,1,129.12,4.7619047619999995,6.456,9.4,17,1,2019,12,0
1,0,1,1,5,97.74,4,19.548,410.50800000000004,2,390.96,4.7619047619999995,19.548,6.4,12,3,2019,19,1
0,2,0,1,2,99.78,5,24.945,523.845,0,498.9,4.7619047619999995,24.945,5.4,9,3,2019,19,0
2,1,0,1,2,94.26,4,18.852,395.892,0,377.04,4.7619047619999995,18.852,8.6,12,3,2019,16,0
1,0,0,1,3,51.13,4,10.226,214.74599999999998,1,204.52,4.7619047619999995,10.226,4.0,25,1,2019,10,1
0,2,0,1,0,36.36,4,7.272,152.71200000000002,0,145.44,4.7619047619999995,7.272,7.6,25,3,2019,13,1
1,0,1,1,4,22.02,9,9.908999999999999,208.08900000000003,0,198.18,4.7619047619999995,9.908999999999999,6.8,7,2,2019,18,1
0,2,1,1,2,32.9,3,4.935,103.635,1,98.7,4.7619047619999995,4.935,9.1,17,2,2019,17,1
0,2,1,1,1,77.02,5,19.255,404.355,0,385.1,4.7619047619999995,19.255,5.5,3,2,2019,15,0
0,2,0,1,2,23.48,2,2.3480000000000003,49.308,1,46.96,4.7619047619999995,2.3480000000000003,7.9,14,3,2019,11,1
2,1,0,1,5,14.7,5,3.675,77.175,2,73.5,4.7619047619999995,3.675,8.5,24,3,2019,13,0
0,2,0,0,0,28.45,5,7.1125,149.3625,1,142.25,4.7619047619999995,7.1125,9.1,21,3,2019,10,0
0,2,1,1,1,76.4,9,34.38,721.98,2,687.6,4.7619047619999995,34.38,7.5,19,3,2019,15,1
1,0,1,0,5,57.95,6,17.385,365.085,0,347.7,4.7619047619999995,17.385,5.2,24,2,2019,13,1
2,1,1,0,0,47.65,3,7.1475,150.0975,1,142.95,4.7619047619999995,7.1475,9.5,28,3,2019,12,1
1,0,0,0,2,42.82,9,19.269000000000002,404.649,1,385.38,4.7619047619999995,19.269000000000002,8.9,5,2,2019,15,0
1,0,0,1,0,48.09,3,7.2135,151.4835,1,144.27,4.7619047619999995,7.2135,7.8,10,2,2019,18,1
1,0,0,0,3,55.97,7,19.5895,411.3795,2,391.79,4.7619047619999995,19.5895,8.9,5,3,2019,19,0
1,0,0,0,3,76.9,7,26.915,565.215,0,538.3,4.7619047619999995,26.915,7.7,15,2,2019,20,0
2,1,1,0,2,97.03,5,24.2575,509.4075,2,485.15,4.7619047619999995,24.2575,9.3,30,1,2019,16,0
0,2,1,1,5,44.65,3,6.6975,140.6475,0,133.95,4.7619047619999995,6.6975,6.2,14,2,2019,15,1
0,2,1,0,1,77.93,9,35.0685,736.4385,2,701.37,4.7619047619999995,35.0685,7.6,27,2,2019,16,1
0,2,0,1,0,71.95,1,3.5975,75.5475,0,71.95,4.7619047619999995,3.5975,7.3,4,2,2019,12,0
2,1,0,0,4,89.25,8,35.7,749.7,0,714.0,4.7619047619999995,35.7,4.7,20,1,2019,10,1
0,2,1,1,0,26.02,7,9.107000000000001,191.247,0,182.14,4.7619047619999995,9.107000000000001,5.1,28,3,2019,17,1
1,0,1,0,3,13.5,10,6.75,141.75,1,135.0,4.7619047619999995,6.75,4.8,27,2,2019,11,1
2,1,0,0,1,99.3,10,49.65,1042.65,1,993.0,4.7619047619999995,49.65,6.6,15,2,2019,14,0
0,2,1,1,0,51.69,7,18.0915,379.9215,0,361.83,4.7619047619999995,18.0915,5.5,26,1,2019,18,1
1,0,0,0,1,54.73,7,19.1555,402.2655,1,383.11,4.7619047619999995,19.1555,8.5,14,3,2019,19,0
1,0,0,1,4,27.0,9,12.15,255.15,0,243.0,4.7619047619999995,12.15,4.8,2,3,2019,14,0
2,1,1,0,0,30.24,1,1.5119999999999998,31.752,0,30.24,4.7619047619999995,1.5119999999999998,8.4,4,3,2019,15,0
1,0,0,0,2,89.14,4,17.828,374.38800000000003,1,356.56,4.7619047619999995,17.828,7.8,7,1,2019,12,0
2,1,1,0,1,37.55,10,18.775,394.275,1,375.5,4.7619047619999995,18.775,9.3,8,3,2019,20,0
2,1,1,0,5,95.44,10,47.72,1002.12,0,954.4,4.7619047619999995,47.72,5.2,9,1,2019,13,0
1,0,1,1,0,27.5,3,4.125,86.625,2,82.5,4.7619047619999995,4.125,6.5,1,3,2019,15,1
1,0,1,1,5,74.97,1,3.7485,78.7185,0,74.97,4.7619047619999995,3.7485,5.6,16,3,2019,16,1
0,2,0,1,2,80.96,8,32.384,680.064,1,647.68,4.7619047619999995,32.384,7.4,17,2,2019,11,1
2,1,1,0,2,94.47,8,37.788000000000004,793.548,0,755.76,4.7619047619999995,37.788000000000004,9.1,27,2,2019,15,1
2,1,1,1,2,99.79,2,9.979,209.55900000000003,2,199.58,4.7619047619999995,9.979,8.0,7,3,2019,20,1
0,2,1,1,4,73.22,6,21.965999999999998,461.286,0,439.32,4.7619047619999995,21.965999999999998,7.2,21,1,2019,17,0
2,1,1,0,2,41.24,4,8.248,173.208,0,164.96,4.7619047619999995,8.248,7.1,19,2,2019,16,0
2,1,1,0,1,81.68,4,16.336,343.056,0,326.72,4.7619047619999995,16.336,9.1,6,1,2019,12,0
2,1,1,0,0,51.32,9,23.094,484.974,0,461.88,4.7619047619999995,23.094,5.6,14,3,2019,19,0
0,2,0,1,4,65.94,4,13.187999999999999,276.948,0,263.76,4.7619047619999995,13.187999999999999,6.0,24,3,2019,10,1
2,1,1,0,5,14.36,10,7.18,150.78,0,143.6,4.7619047619999995,7.18,5.4,27,1,2019,14,1
0,2,0,1,0,21.5,9,9.675,203.175,1,193.5,4.7619047619999995,9.675,7.8,6,3,2019,12,0
1,0,0,0,0,26.26,7,9.191,193.011,0,183.82,4.7619047619999995,9.191,9.9,2,2,2019,19,0
1,0,1,0,1,60.96,2,6.096,128.016,1,121.92,4.7619047619999995,6.096,4.9,25,1,2019,19,1
2,1,1,0,4,70.11,6,21.033,441.69300000000004,2,420.66,4.7619047619999995,21.033,5.2,14,3,2019,17,0
2,1,1,1,1,42.08,6,12.624,265.10400000000004,0,252.48,4.7619047619999995,12.624,8.9,29,1,2019,12,1
0,2,1,0,4,67.09,5,16.7725,352.2225,1,335.45,4.7619047619999995,16.7725,9.1,3,1,2019,16,0
0,2,0,0,1,96.7,5,24.175,507.675,2,483.5,4.7619047619999995,24.175,7.0,14,1,2019,12,0
1,0,0,0,4,35.38,9,15.921,334.341,1,318.42,4.7619047619999995,15.921,9.6,5,1,2019,19,0
2,1,1,1,5,95.49,7,33.4215,701.8515,2,668.43,4.7619047619999995,33.4215,8.7,22,2,2019,18,1
2,1,0,1,1,96.98,4,19.396,407.316,2,387.92,4.7619047619999995,19.396,9.4,6,2,2019,17,0
1,0,1,0,0,23.65,4,4.73,99.33,1,94.6,4.7619047619999995,4.73,4.0,30,1,2019,13,1
0,2,0,1,5,82.33,4,16.465999999999998,345.786,1,329.32,4.7619047619999995,16.465999999999998,7.5,11,1,2019,10,0
2,1,1,0,0,26.61,2,2.661,55.881,0,53.22,4.7619047619999995,2.661,4.2,19,3,2019,14,1
1,0,1,0,2,99.69,5,24.9225,523.3725,0,498.45,4.7619047619999995,24.9225,9.9,14,1,2019,12,1
2,1,0,0,2,74.89,4,14.978,314.538,2,299.56,4.7619047619999995,14.978,4.2,1,3,2019,15,0
0,2,1,0,2,40.94,5,10.235,214.935,2,204.7,4.7619047619999995,10.235,9.9,6,1,2019,13,1
1,0,0,1,5,75.82,1,3.7910000000000004,79.611,0,75.82,4.7619047619999995,3.7910000000000004,5.8,31,1,2019,13,1
2,1,1,1,2,46.77,6,14.030999999999999,294.651,0,280.62,4.7619047619999995,14.030999999999999,6.0,11,3,2019,13,1
0,2,1,0,3,32.32,10,16.16,339.36,1,323.2,4.7619047619999995,16.16,10.0,20,2,2019,16,0
2,1,0,0,1,54.07,9,24.3315,510.9615,2,486.63,4.7619047619999995,24.3315,9.5,27,1,2019,14,1
1,0,1,1,2,18.22,7,6.377000000000001,133.917,1,127.54,4.7619047619999995,6.377000000000001,6.6,10,3,2019,14,1
2,1,0,0,1,80.48,3,12.072000000000001,253.512,0,241.44,4.7619047619999995,12.072000000000001,8.1,15,2,2019,12,0
1,0,1,0,1,37.95,10,18.975,398.475,0,379.5,4.7619047619999995,18.975,9.7,26,1,2019,14,1
0,2,0,1,0,76.82,1,3.841,80.661,2,76.82,4.7619047619999995,3.841,7.2,13,2,2019,18,1
0,2,0,0,5,52.26,10,26.13,548.73,1,522.6,4.7619047619999995,26.13,6.2,9,3,2019,12,0
0,2,1,0,3,79.74,1,3.987,83.727,2,79.74,4.7619047619999995,3.987,7.3,6,3,2019,10,1
0,2,1,0,3,77.5,5,19.375,406.875,2,387.5,4.7619047619999995,19.375,4.3,24,1,2019,20,0
0,2,1,0,2,54.27,5,13.5675,284.9175,2,271.35,4.7619047619999995,13.5675,4.6,13,3,2019,14,1
1,0,1,1,4,13.59,9,6.1155,128.4255,0,122.31,4.7619047619999995,6.1155,5.8,15,3,2019,10,1
1,0,0,0,3,41.06,6,12.318,258.678,1,246.36,4.7619047619999995,12.318,8.3,5,3,2019,13,0
1,0,0,1,0,19.24,9,8.658,181.81799999999998,0,173.16,4.7619047619999995,8.658,8.0,4,3,2019,16,0
2,1,1,0,2,39.43,6,11.829,248.40900000000002,1,236.58,4.7619047619999995,11.829,9.4,25,3,2019,20,0
2,1,1,1,4,46.22,4,9.244,194.12400000000002,1,184.88,4.7619047619999995,9.244,6.2,12,3,2019,20,1
2,1,0,1,4,13.98,1,0.6990000000000001,14.679,2,13.98,4.7619047619999995,0.6990000000000001,9.8,4,2,2019,13,1
1,0,1,0,1,39.75,5,9.9375,208.6875,2,198.75,4.7619047619999995,9.9375,9.6,22,2,2019,10,0
2,1,0,0,1,97.79,7,34.2265,718.7565,2,684.53,4.7619047619999995,34.2265,4.9,16,2,2019,17,0
0,2,0,1,5,67.26,4,13.452,282.492,1,269.04,4.7619047619999995,13.452,8.0,19,1,2019,15,0
0,2,1,1,2,13.79,5,3.4475,72.3975,1,68.95,4.7619047619999995,3.4475,7.8,11,1,2019,19,1
1,0,0,0,1,68.71,4,13.742,288.582,0,274.84,4.7619047619999995,13.742,4.1,4,1,2019,19,0
0,2,1,0,4,56.53,4,11.306,237.426,2,226.12,4.7619047619999995,11.306,5.5,4,3,2019,19,1
2,1,1,0,1,23.82,5,5.955,125.055,2,119.1,4.7619047619999995,5.955,5.4,28,1,2019,19,1
1,0,1,0,3,34.21,10,17.105,359.205,0,342.1,4.7619047619999995,17.105,5.1,2,1,2019,13,0
1,0,1,1,5,21.87,2,2.187,45.927,2,43.74,4.7619047619999995,2.187,6.9,25,1,2019,14,1
0,2,0,1,3,20.97,5,5.2425,110.0925,0,104.85,4.7619047619999995,5.2425,7.8,4,1,2019,13,1
0,2,1,1,5,25.84,3,3.8760000000000003,81.396,2,77.52,4.7619047619999995,3.8760000000000003,6.6,10,3,2019,18,1
0,2,1,1,4,50.93,8,20.372,427.81199999999995,2,407.44,4.7619047619999995,20.372,9.2,22,3,2019,19,1
1,0,1,1,3,96.11,1,4.8055,100.9155,2,96.11,4.7619047619999995,4.8055,7.8,25,1,2019,16,1
2,1,1,0,4,45.38,4,9.076,190.59599999999998,1,181.52,4.7619047619999995,9.076,8.7,8,1,2019,13,0
2,1,0,0,3,81.51,1,4.0755,85.5855,2,81.51,4.7619047619999995,4.0755,9.2,22,1,2019,10,0
1,0,1,0,3,57.22,2,5.722,120.162,2,114.44,4.7619047619999995,5.722,8.3,12,1,2019,17,1
0,2,0,0,0,25.22,7,8.827,185.36700000000002,0,176.54,4.7619047619999995,8.827,8.2,4,2,2019,10,0
2,1,0,0,2,38.6,3,5.79,121.59,2,115.8,4.7619047619999995,5.79,7.5,28,3,2019,13,0
2,1,1,0,0,84.05,3,12.6075,264.7575,0,252.15,4.7619047619999995,12.6075,9.8,23,1,2019,13,1
2,1,0,0,1,97.21,10,48.605,1020.705,1,972.1,4.7619047619999995,48.605,8.7,8,2,2019,13,0
1,0,0,1,1,25.42,8,10.168,213.528,1,203.36,4.7619047619999995,10.168,6.7,19,3,2019,19,1
2,1,1,1,1,16.28,1,0.8140000000000001,17.094,0,16.28,4.7619047619999995,0.8140000000000001,5.0,9,3,2019,15,1
1,0,0,1,1,40.61,9,18.2745,383.7645,0,365.49,4.7619047619999995,18.2745,7.0,2,1,2019,13,0
0,2,0,1,3,53.17,7,18.6095,390.7995,0,372.19,4.7619047619999995,18.6095,8.9,21,1,2019,18,0
1,0,0,0,2,20.87,3,3.1305,65.7405,1,62.61,4.7619047619999995,3.1305,8.0,20,3,2019,13,0
1,0,1,1,5,67.27,5,16.8175,353.1675,0,336.35,4.7619047619999995,16.8175,6.9,27,2,2019,17,1
0,2,0,0,4,90.65,10,45.325,951.825,2,906.5,4.7619047619999995,45.325,7.3,8,3,2019,10,1
1,0,1,1,1,69.08,2,6.9079999999999995,145.06799999999998,1,138.16,4.7619047619999995,6.9079999999999995,6.9,31,1,2019,19,1
2,1,1,1,2,43.27,2,4.327,90.867,2,86.54,4.7619047619999995,4.327,5.7,8,3,2019,16,1
0,2,1,0,0,23.46,6,7.037999999999999,147.798,2,140.76,4.7619047619999995,7.037999999999999,6.4,13,1,2019,19,1
1,0,1,1,1,95.54,7,33.439,702.2189999999999,1,668.78,4.7619047619999995,33.439,9.6,9,3,2019,14,0
1,0,1,0,1,47.44,1,2.372,49.812,1,47.44,4.7619047619999995,2.372,6.8,22,2,2019,18,0
2,1,1,1,5,99.24,9,44.658,937.818,2,893.16,4.7619047619999995,44.658,9.0,19,3,2019,19,1
2,1,0,1,5,82.93,4,16.586,348.306,2,331.72,4.7619047619999995,16.586,9.6,20,1,2019,16,0
0,2,1,1,4,33.99,6,10.197000000000001,214.137,1,203.94,4.7619047619999995,10.197000000000001,7.7,8,3,2019,15,1
2,1,0,1,2,17.04,4,3.408,71.568,2,68.16,4.7619047619999995,3.408,7.0,8,3,2019,20,1
2,1,1,0,0,40.86,8,16.344,343.224,1,326.88,4.7619047619999995,16.344,6.5,7,2,2019,14,1
2,1,0,1,2,17.44,5,4.36,91.56,0,87.2,4.7619047619999995,4.36,8.1,15,1,2019,19,1
1,0,0,0,5,88.43,8,35.372,742.812,1,707.44,4.7619047619999995,35.372,4.3,22,3,2019,19,0
0,2,0,0,4,89.21,9,40.1445,843.0345,1,802.89,4.7619047619999995,40.1445,6.5,15,1,2019,15,0
2,1,1,1,1,12.78,1,0.639,13.419,2,12.78,4.7619047619999995,0.639,9.5,8,1,2019,14,1
0,2,1,0,5,19.1,7,6.685,140.385,0,133.7,4.7619047619999995,6.685,9.7,15,1,2019,10,0
1,0,0,0,3,19.15,1,0.9575,20.1075,1,19.15,4.7619047619999995,0.9575,9.5,28,1,2019,17,1
2,1,0,1,2,27.66,10,13.83,290.43,1,276.6,4.7619047619999995,13.83,8.9,14,2,2019,11,1
2,1,1,1,1,45.74,3,6.861000000000001,144.08100000000002,1,137.22,4.7619047619999995,6.861000000000001,6.5,10,3,2019,17,1
1,0,0,0,3,27.07,1,1.3535,28.4235,1,27.07,4.7619047619999995,1.3535,5.3,12,1,2019,20,0
1,0,0,0,5,39.12,1,1.956,41.076,1,39.12,4.7619047619999995,1.956,9.6,26,3,2019,11,0
1,0,1,0,0,74.71,6,22.413,470.673,0,448.26,4.7619047619999995,22.413,6.7,1,1,2019,19,1
1,0,1,1,0,22.01,6,6.603,138.66299999999998,0,132.06,4.7619047619999995,6.603,7.6,2,1,2019,18,1
0,2,1,0,2,63.61,5,15.9025,333.9525,2,318.05,4.7619047619999995,15.9025,4.8,16,3,2019,12,1
0,2,1,1,3,25.0,1,1.25,26.25,2,25.0,4.7619047619999995,1.25,5.5,3,3,2019,15,1
0,2,0,1,0,20.77,4,4.154,87.234,0,83.08,4.7619047619999995,4.154,4.7,31,1,2019,13,1
1,0,0,0,1,29.56,5,7.39,155.19,0,147.8,4.7619047619999995,7.39,6.9,13,2,2019,16,0
1,0,0,0,2,77.4,9,34.83,731.43,1,696.6,4.7619047619999995,34.83,4.5,15,2,2019,14,0
1,0,1,1,0,79.39,10,39.695,833.595,0,793.9,4.7619047619999995,39.695,6.2,7,2,2019,20,0
2,1,0,0,0,46.57,10,23.285,488.985,0,465.7,4.7619047619999995,23.285,7.6,27,1,2019,13,1
2,1,1,1,2,35.89,1,1.7945,37.6845,1,35.89,4.7619047619999995,1.7945,7.9,23,2,2019,16,1
2,1,1,1,2,40.52,5,10.13,212.73,0,202.6,4.7619047619999995,10.13,4.5,3,2,2019,15,0
1,0,0,0,2,73.05,10,36.525,767.025,1,730.5,4.7619047619999995,36.525,8.7,3,3,2019,12,0
2,1,1,0,5,73.95,4,14.79,310.59,0,295.8,4.7619047619999995,14.79,6.1,3,2,2019,10,0
2,1,0,0,2,22.62,1,1.131,23.750999999999998,0,22.62,4.7619047619999995,1.131,6.4,17,3,2019,18,0
0,2,0,1,2,51.34,5,12.835,269.535,1,256.7,4.7619047619999995,12.835,9.1,28,3,2019,15,1
2,1,0,0,5,54.55,10,27.275,572.775,1,545.5,4.7619047619999995,27.275,7.1,2,3,2019,11,0
2,1,0,0,3,37.15,7,13.0025,273.0525,1,260.05,4.7619047619999995,13.0025,7.7,8,2,2019,13,0
1,0,1,1,5,37.02,6,11.106,233.226,0,222.12,4.7619047619999995,11.106,4.5,22,3,2019,18,1
2,1,1,1,2,21.58,1,1.079,22.659000000000002,2,21.58,4.7619047619999995,1.079,7.2,9,2,2019,10,1
2,1,0,0,0,98.84,1,4.942,103.78200000000001,0,98.84,4.7619047619999995,4.942,8.4,15,2,2019,11,0
2,1,0,0,4,83.77,6,25.131,527.751,2,502.62,4.7619047619999995,25.131,5.4,23,1,2019,12,0
0,2,0,0,5,40.05,4,8.01,168.21,0,160.2,4.7619047619999995,8.01,9.7,25,1,2019,11,0
0,2,0,1,1,43.13,10,21.565,452.865,1,431.3,4.7619047619999995,21.565,5.5,2,2,2019,18,0
1,0,0,1,3,72.57,8,29.028000000000002,609.5880000000001,0,580.56,4.7619047619999995,29.028000000000002,4.6,30,3,2019,17,0
0,2,0,0,0,64.44,5,16.11,338.31,0,322.2,4.7619047619999995,16.11,6.6,30,3,2019,17,0
0,2,1,1,3,65.18,3,9.777000000000001,205.317,1,195.54,4.7619047619999995,9.777000000000001,6.3,25,2,2019,20,1
0,2,1,0,5,33.26,5,8.315,174.615,1,166.3,4.7619047619999995,8.315,4.2,18,3,2019,16,0
2,1,1,1,0,84.07,4,16.814,353.094,2,336.28,4.7619047619999995,16.814,4.4,7,3,2019,16,1
1,0,1,1,5,34.37,10,17.185,360.885,2,343.7,4.7619047619999995,17.185,6.7,16,3,2019,10,1
0,2,1,1,0,38.6,1,1.93,40.53,2,38.6,4.7619047619999995,1.93,6.7,29,1,2019,11,0
2,1,1,1,2,65.97,8,26.388,554.148,0,527.76,4.7619047619999995,26.388,8.4,2,2,2019,20,0
2,1,1,0,0,32.8,10,16.4,344.4,0,328.0,4.7619047619999995,16.4,6.2,15,2,2019,12,1
0,2,1,1,5,37.14,5,9.285,194.985,2,185.7,4.7619047619999995,9.285,5.0,8,1,2019,13,1
1,0,0,1,4,60.38,10,30.19,633.99,0,603.8,4.7619047619999995,30.19,6.0,12,2,2019,16,0
2,1,0,0,5,36.98,10,18.49,388.29,1,369.8,4.7619047619999995,18.49,7.0,1,1,2019,19,0
1,0,0,0,5,49.49,4,9.898,207.858,2,197.96,4.7619047619999995,9.898,6.6,21,3,2019,15,0
1,0,1,0,1,41.09,10,20.545,431.445,0,410.9,4.7619047619999995,20.545,7.3,28,2,2019,14,1
0,2,1,1,1,37.15,4,7.43,156.03,2,148.6,4.7619047619999995,7.43,8.3,23,3,2019,18,1
2,1,1,1,4,22.96,1,1.148,24.108,0,22.96,4.7619047619999995,1.148,4.3,30,1,2019,20,1
1,0,0,0,4,77.68,9,34.955999999999996,734.076,2,699.12,4.7619047619999995,34.955999999999996,9.8,4,2,2019,13,0
1,0,1,0,1,34.7,2,3.47,72.87,2,69.4,4.7619047619999995,3.47,8.2,13,3,2019,19,0
0,2,0,0,1,19.66,10,9.83,206.43,1,196.6,4.7619047619999995,9.83,7.2,15,3,2019,18,0
1,0,0,0,3,25.32,8,10.128,212.688,2,202.56,4.7619047619999995,10.128,8.7,5,3,2019,20,0
2,1,0,0,4,12.12,10,6.06,127.26,1,121.2,4.7619047619999995,6.06,8.4,5,3,2019,13,0
1,0,1,1,1,99.89,2,9.988999999999999,209.769,2,199.78,4.7619047619999995,9.988999999999999,7.1,26,2,2019,11,1
1,0,1,1,5,75.92,8,30.368000000000002,637.7280000000001,0,607.36,4.7619047619999995,30.368000000000002,5.5,20,3,2019,14,0
2,1,1,0,0,63.22,2,6.322,132.762,0,126.44,4.7619047619999995,6.322,8.5,1,1,2019,15,0
2,1,1,0,2,90.24,6,27.072,568.512,0,541.44,4.7619047619999995,27.072,6.2,27,1,2019,11,1
1,0,0,0,5,98.13,1,4.9065,103.0365,0,98.13,4.7619047619999995,4.9065,8.9,21,1,2019,17,0
0,2,0,0,5,51.52,8,20.608,432.76800000000003,0,412.16,4.7619047619999995,20.608,9.6,2,2,2019,15,0
1,0,0,1,5,73.97,1,3.6985,77.6685,1,73.97,4.7619047619999995,3.6985,5.4,3,2,2019,15,1
2,1,0,0,1,31.9,1,1.595,33.495,2,31.9,4.7619047619999995,1.595,9.1,5,1,2019,12,1
2,1,1,1,4,69.4,2,6.94,145.74,2,138.8,4.7619047619999995,6.94,9.0,27,1,2019,19,1
1,0,1,0,5,93.31,2,9.331,195.951,0,186.62,4.7619047619999995,9.331,6.3,25,3,2019,17,0
1,0,1,1,5,88.45,1,4.4225,92.8725,1,88.45,4.7619047619999995,4.4225,9.5,25,2,2019,16,1
0,2,0,1,0,24.18,8,9.672,203.112,2,193.44,4.7619047619999995,9.672,9.8,28,1,2019,20,1
1,0,0,0,5,48.5,3,7.275,152.775,0,145.5,4.7619047619999995,7.275,6.7,8,1,2019,12,0
1,0,1,0,2,84.05,6,25.215,529.515,1,504.3,4.7619047619999995,25.215,7.7,29,1,2019,10,1
1,0,0,1,3,61.29,5,15.3225,321.7725,0,306.45,4.7619047619999995,15.3225,7.0,29,3,2019,14,1
2,1,0,0,4,15.95,6,4.785,100.485,1,95.7,4.7619047619999995,4.785,5.1,9,2,2019,17,0
1,0,0,0,5,90.74,7,31.759,666.939,1,635.18,4.7619047619999995,31.759,6.2,16,1,2019,18,0
0,2,1,0,4,42.91,5,10.7275,225.2775,2,214.55,4.7619047619999995,10.7275,6.1,5,1,2019,17,0
0,2,1,0,1,54.28,7,18.998,398.958,2,379.96,4.7619047619999995,18.998,9.3,27,1,2019,18,1
0,2,1,1,0,99.55,7,34.8425,731.6925,0,696.85,4.7619047619999995,34.8425,7.6,14,3,2019,12,1
2,1,0,1,5,58.39,7,20.4365,429.1665,1,408.73,4.7619047619999995,20.4365,8.2,23,2,2019,19,0
2,1,0,0,1,51.47,1,2.5735,54.0435,2,51.47,4.7619047619999995,2.5735,8.5,18,3,2019,15,0
1,0,0,1,3,54.86,5,13.715,288.015,2,274.3,4.7619047619999995,13.715,9.8,29,3,2019,16,1
2,1,0,1,4,39.39,5,9.8475,206.7975,1,196.95,4.7619047619999995,9.8475,8.7,22,1,2019,20,1
0,2,1,1,4,34.73,2,3.4730000000000003,72.933,2,69.46,4.7619047619999995,3.4730000000000003,9.7,1,3,2019,18,1
2,1,0,1,5,71.92,5,17.98,377.58,1,359.6,4.7619047619999995,17.98,4.3,17,1,2019,15,0
1,0,1,0,0,45.71,3,6.8565,143.9865,1,137.13,4.7619047619999995,6.8565,7.7,26,3,2019,10,0
2,1,0,0,4,83.17,6,24.951,523.971,0,499.02,4.7619047619999995,24.951,7.3,20,3,2019,11,0
0,2,0,0,4,37.44,6,11.232000000000001,235.872,1,224.64,4.7619047619999995,11.232000000000001,5.9,6,2,2019,13,0
2,1,1,1,3,62.87,2,6.287000000000001,132.02700000000002,0,125.74,4.7619047619999995,6.287000000000001,5.0,1,1,2019,11,0
0,2,1,1,2,81.71,6,24.513,514.773,1,490.26,4.7619047619999995,24.513,8.0,27,1,2019,14,0
0,2,0,0,5,91.41,5,22.8525,479.9025,2,457.05,4.7619047619999995,22.8525,7.1,25,2,2019,16,0
1,0,1,1,1,39.21,4,7.8420000000000005,164.68200000000002,1,156.84,4.7619047619999995,7.8420000000000005,9.0,16,1,2019,20,1
1,0,0,1,1,59.86,2,5.986000000000001,125.706,2,119.72,4.7619047619999995,5.986000000000001,6.7,13,1,2019,14,1
1,0,0,0,2,54.36,10,27.18,570.78,1,543.6,4.7619047619999995,27.18,6.1,7,2,2019,11,0
0,2,1,1,5,98.09,9,44.1405,926.9505,0,882.81,4.7619047619999995,44.1405,9.3,17,2,2019,19,1
0,2,1,1,3,25.43,6,7.629,160.209,2,152.58,4.7619047619999995,7.629,7.0,12,2,2019,19,1
0,2,0,1,1,86.68,8,34.672,728.112,1,693.44,4.7619047619999995,34.672,7.2,24,1,2019,18,0
1,0,1,1,0,22.95,10,11.475,240.975,2,229.5,4.7619047619999995,11.475,8.2,6,2,2019,19,1
2,1,1,0,2,16.31,9,7.3395,154.1295,2,146.79,4.7619047619999995,7.3395,8.4,26,3,2019,10,0
0,2,1,0,4,28.32,5,7.08,148.68,2,141.6,4.7619047619999995,7.08,6.2,11,3,2019,13,0
2,1,1,1,4,16.67,7,5.8345,122.5245,2,116.69,4.7619047619999995,5.8345,7.4,7,2,2019,11,1
1,0,0,0,1,73.96,1,3.698,77.658,1,73.96,4.7619047619999995,3.698,5.0,5,1,2019,11,0
0,2,1,1,4,97.94,1,4.897,102.837,2,97.94,4.7619047619999995,4.897,6.9,7,3,2019,11,1
0,2,1,0,1,73.05,4,14.61,306.81,1,292.2,4.7619047619999995,14.61,4.9,25,2,2019,17,0
2,1,0,0,2,87.48,6,26.244,551.124,2,524.88,4.7619047619999995,26.244,5.1,1,2,2019,18,0
0,2,1,1,4,30.68,3,4.602,96.64200000000001,2,92.04,4.7619047619999995,4.602,9.1,22,1,2019,11,0
2,1,0,1,3,75.88,1,3.7939999999999996,79.67399999999999,1,75.88,4.7619047619999995,3.7939999999999996,7.1,3,1,2019,10,0
1,0,0,0,5,20.18,4,4.0360000000000005,84.756,1,80.72,4.7619047619999995,4.0360000000000005,5.0,13,2,2019,12,0
2,1,0,1,0,18.77,6,5.631,118.251,1,112.62,4.7619047619999995,5.631,5.5,28,1,2019,16,1
1,0,1,0,2,71.2,1,3.56,74.76,1,71.2,4.7619047619999995,3.56,9.2,5,1,2019,20,1
1,0,0,1,4,38.81,4,7.7620000000000005,163.002,2,155.24,4.7619047619999995,7.7620000000000005,4.9,19,3,2019,13,1
0,2,1,0,1,29.42,10,14.71,308.91,2,294.2,4.7619047619999995,14.71,8.9,12,1,2019,16,1
0,2,1,1,5,60.95,9,27.4275,575.9775,1,548.55,4.7619047619999995,27.4275,6.0,7,1,2019,12,0
1,0,1,0,5,51.54,5,12.885,270.585,0,257.7,4.7619047619999995,12.885,4.2,26,1,2019,17,1
0,2,1,0,0,66.06,6,19.817999999999998,416.17800000000005,0,396.36,4.7619047619999995,19.817999999999998,7.3,23,1,2019,10,1
1,0,1,1,1,57.27,3,8.5905,180.4005,2,171.81,4.7619047619999995,8.5905,6.5,9,2,2019,20,1
1,0,1,0,1,54.31,9,24.4395,513.2295,0,488.79,4.7619047619999995,24.4395,8.9,22,2,2019,10,1
1,0,1,0,3,58.24,9,26.208000000000002,550.368,0,524.16,4.7619047619999995,26.208000000000002,9.7,5,2,2019,12,0
2,1,1,1,0,22.21,6,6.662999999999999,139.923,1,133.26,4.7619047619999995,6.662999999999999,8.6,7,3,2019,10,1
0,2,0,1,0,19.32,7,6.7620000000000005,142.002,0,135.24,4.7619047619999995,6.7620000000000005,6.9,25,3,2019,18,1
1,0,1,1,4,37.48,3,5.622000000000001,118.06200000000001,1,112.44,4.7619047619999995,5.622000000000001,7.7,20,1,2019,13,1
1,0,0,0,1,72.04,2,7.204,151.284,0,144.08,4.7619047619999995,7.204,9.5,4,2,2019,19,0
2,1,0,0,2,98.52,10,49.26,1034.46,2,985.2,4.7619047619999995,49.26,4.5,30,1,2019,20,0
0,2,0,1,2,41.66,6,12.498,262.45799999999997,2,249.96,4.7619047619999995,12.498,5.6,2,1,2019,15,0
0,2,0,0,4,72.42,3,10.863,228.123,2,217.26,4.7619047619999995,10.863,8.2,29,3,2019,16,0
1,0,1,1,0,21.58,9,9.711,203.93099999999998,0,194.22,4.7619047619999995,9.711,7.3,14,3,2019,12,1
2,1,1,1,2,89.2,10,44.6,936.6,1,892.0,4.7619047619999995,44.6,4.4,11,2,2019,15,1
1,0,1,0,0,42.42,8,16.968,356.32800000000003,2,339.36,4.7619047619999995,16.968,5.7,30,1,2019,13,1
0,2,0,1,0,74.51,6,22.353,469.413,2,447.06,4.7619047619999995,22.353,5.0,20,3,2019,15,0
1,0,1,1,1,99.25,2,9.925,208.425,0,198.5,4.7619047619999995,9.925,9.0,20,3,2019,13,1
0,2,1,0,2,81.21,10,40.605,852.705,1,812.1,4.7619047619999995,40.605,6.3,17,1,2019,13,1
2,1,1,0,5,49.33,10,24.665,517.965,1,493.3,4.7619047619999995,24.665,9.4,3,2,2019,16,0
0,2,1,0,1,65.74,9,29.583000000000002,621.243,0,591.66,4.7619047619999995,29.583000000000002,7.7,1,1,2019,13,0
1,0,1,0,1,79.86,7,27.951,586.971,1,559.02,4.7619047619999995,27.951,5.5,10,1,2019,10,1
2,1,1,0,5,73.98,7,25.893,543.753,2,517.86,4.7619047619999995,25.893,4.1,2,3,2019,16,0
1,0,0,0,4,82.04,5,20.51,430.71,1,410.2,4.7619047619999995,20.51,7.6,25,2,2019,17,0
1,0,0,1,5,26.67,10,13.335,280.035,0,266.7,4.7619047619999995,13.335,8.6,29,1,2019,11,1
0,2,0,1,2,10.13,7,3.5455,74.4555,2,70.91,4.7619047619999995,3.5455,8.3,10,3,2019,19,1
1,0,1,1,2,72.39,2,7.239,152.019,1,144.78,4.7619047619999995,7.239,8.1,13,1,2019,19,1
0,2,1,1,5,85.91,5,21.4775,451.0275,1,429.55,4.7619047619999995,21.4775,8.6,22,3,2019,14,1
1,0,0,1,1,81.31,7,28.4585,597.6285,2,569.17,4.7619047619999995,28.4585,6.3,1,3,2019,19,0
1,0,1,1,2,60.3,4,12.06,253.26,0,241.2,4.7619047619999995,12.06,5.8,20,2,2019,18,1
2,1,1,1,2,31.77,4,6.354,133.434,2,127.08,4.7619047619999995,6.354,6.2,14,1,2019,14,1
0,2,1,0,3,64.27,4,12.854000000000001,269.934,0,257.08,4.7619047619999995,12.854000000000001,7.7,26,3,2019,13,1
1,0,1,1,3,69.51,2,6.9510000000000005,145.971,2,139.02,4.7619047619999995,6.9510000000000005,8.1,1,3,2019,12,1
2,1,1,1,2,27.22,3,4.083,85.743,0,81.66,4.7619047619999995,4.083,7.3,7,1,2019,12,0
0,2,0,0,3,77.68,4,15.536,326.256,0,310.72,4.7619047619999995,15.536,8.4,1,2,2019,19,0
2,1,0,0,1,92.98,2,9.298,195.25799999999998,1,185.96,4.7619047619999995,9.298,8.0,13,2,2019,15,0
1,0,0,0,1,18.08,4,3.616,75.936,1,72.32,4.7619047619999995,3.616,9.5,14,1,2019,18,1
1,0,1,1,5,63.06,3,9.459,198.639,2,189.18,4.7619047619999995,9.459,7.0,19,1,2019,15,1
0,2,1,1,3,51.71,4,10.342,217.18200000000002,1,206.84,4.7619047619999995,10.342,9.8,9,3,2019,13,1
0,2,1,0,2,52.34,3,7.851,164.87099999999998,0,157.02,4.7619047619999995,7.851,9.2,27,3,2019,14,0
0,2,1,0,5,43.06,5,10.765,226.065,2,215.3,4.7619047619999995,10.765,7.7,4,2,2019,16,0
2,1,1,1,1,59.61,10,29.805,625.905,0,596.1,4.7619047619999995,29.805,5.3,14,3,2019,11,1
0,2,1,1,3,14.62,5,3.655,76.755,0,73.1,4.7619047619999995,3.655,4.4,4,3,2019,12,1
2,1,0,1,3,46.53,6,13.959000000000001,293.139,1,279.18,4.7619047619999995,13.959000000000001,4.3,3,3,2019,10,1
2,1,0,0,4,24.24,7,8.484,178.16400000000002,2,169.68,4.7619047619999995,8.484,9.4,27,1,2019,17,0
0,2,0,0,5,45.58,1,2.279,47.858999999999995,0,45.58,4.7619047619999995,2.279,9.8,7,2,2019,14,0
0,2,0,0,5,75.2,3,11.28,236.88,2,225.6,4.7619047619999995,11.28,4.8,5,2,2019,11,0
1,0,0,1,5,96.8,3,14.52,304.92,0,290.4,4.7619047619999995,14.52,5.3,15,3,2019,13,1
1,0,1,1,3,14.82,3,2.2230000000000003,46.683,1,44.46,4.7619047619999995,2.2230000000000003,8.7,1,3,2019,11,1
0,2,1,1,2,52.2,3,7.83,164.43,1,156.6,4.7619047619999995,7.83,9.5,15,2,2019,13,1
2,1,1,0,5,46.66,9,20.997,440.93699999999995,2,419.94,4.7619047619999995,20.997,5.3,17,2,2019,19,0
2,1,1,0,1,36.85,5,9.2125,193.4625,0,184.25,4.7619047619999995,9.2125,9.2,26,1,2019,18,1
0,2,0,0,4,70.32,2,7.032,147.672,2,140.64,4.7619047619999995,7.032,9.6,24,3,2019,14,0
2,1,1,1,0,83.08,1,4.154,87.234,2,83.08,4.7619047619999995,4.154,6.4,23,1,2019,17,1
2,1,1,0,1,64.99,1,3.2495,68.2395,1,64.99,4.7619047619999995,3.2495,4.5,26,1,2019,10,0
2,1,1,1,2,77.56,10,38.78,814.38,2,775.6,4.7619047619999995,38.78,6.9,14,3,2019,20,0
1,0,1,0,5,54.51,6,16.352999999999998,343.413,2,327.06,4.7619047619999995,16.352999999999998,7.8,17,3,2019,13,0
2,1,0,0,1,51.89,7,18.1615,381.3915,0,363.23,4.7619047619999995,18.1615,4.5,8,1,2019,20,0
1,0,1,1,4,31.75,4,6.35,133.35,0,127.0,4.7619047619999995,6.35,8.6,8,2,2019,15,1
0,2,0,0,1,53.65,7,18.7775,394.3275,2,375.55,4.7619047619999995,18.7775,5.2,10,2,2019,12,0
2,1,0,0,2,49.79,4,9.958,209.118,1,199.16,4.7619047619999995,9.958,6.4,28,3,2019,19,0
0,2,1,1,1,30.61,1,1.5305,32.1405,2,30.61,4.7619047619999995,1.5305,5.2,23,1,2019,12,0
1,0,0,1,2,57.89,2,5.789,121.569,2,115.78,4.7619047619999995,5.789,8.9,17,1,2019,10,1
0,2,1,0,0,28.96,1,1.4480000000000002,30.408,1,28.96,4.7619047619999995,1.4480000000000002,6.2,7,2,2019,10,0
2,1,0,0,2,98.97,9,44.5365,935.2665,0,890.73,4.7619047619999995,44.5365,6.7,9,3,2019,11,0
1,0,0,1,1,93.22,3,13.982999999999999,293.643,0,279.66,4.7619047619999995,13.982999999999999,7.2,24,1,2019,11,0
2,1,0,1,5,80.93,1,4.0465,84.9765,1,80.93,4.7619047619999995,4.0465,9.0,19,1,2019,16,0
0,2,0,1,2,67.45,10,33.725,708.225,2,674.5,4.7619047619999995,33.725,4.2,3,2,2019,11,1
0,2,0,0,5,38.72,9,17.424,365.904,2,348.48,4.7619047619999995,17.424,4.2,20,3,2019,12,0
1,0,0,1,5,72.6,6,21.78,457.38,0,435.6,4.7619047619999995,21.78,6.9,13,1,2019,19,0
2,1,0,1,0,87.91,5,21.9775,461.5275,2,439.55,4.7619047619999995,21.9775,4.4,14,3,2019,18,0
0,2,0,1,2,98.53,6,29.559,620.739,1,591.18,4.7619047619999995,29.559,4.0,23,1,2019,11,0
2,1,0,0,1,43.46,6,13.038,273.798,2,260.76,4.7619047619999995,13.038,8.5,7,2,2019,17,1
0,2,1,0,2,71.68,3,10.752,225.792,1,215.04,4.7619047619999995,10.752,9.2,28,3,2019,15,0
0,2,0,0,2,91.61,1,4.5805,96.1905,0,91.61,4.7619047619999995,4.5805,9.8,20,3,2019,19,0
1,0,0,0,4,94.59,7,33.1065,695.2365,1,662.13,4.7619047619999995,33.1065,4.9,17,1,2019,15,0
1,0,1,0,1,83.25,10,41.625,874.125,1,832.5,4.7619047619999995,41.625,4.4,12,1,2019,11,1
1,0,0,1,1,91.35,1,4.5675,95.9175,0,91.35,4.7619047619999995,4.5675,6.8,16,2,2019,15,0
1,0,0,0,2,78.88,2,7.888,165.648,0,157.76,4.7619047619999995,7.888,9.1,26,1,2019,16,1
0,2,1,1,5,60.87,2,6.087000000000001,127.82700000000001,2,121.74,4.7619047619999995,6.087000000000001,8.7,9,3,2019,12,1
1,0,0,1,3,82.58,10,41.29,867.09,0,825.8,4.7619047619999995,41.29,5.0,14,3,2019,14,0
0,2,0,1,4,53.3,3,7.995,167.895,2,159.9,4.7619047619999995,7.995,7.5,25,1,2019,14,1
0,2,1,0,1,12.09,1,0.6045,12.6945,1,12.09,4.7619047619999995,0.6045,8.2,26,1,2019,18,1
0,2,1,1,5,64.19,10,32.095,673.995,1,641.9,4.7619047619999995,32.095,6.7,19,1,2019,14,0
0,2,1,1,0,78.31,3,11.7465,246.6765,2,234.93,4.7619047619999995,11.7465,5.4,5,3,2019,16,1
0,2,0,1,2,83.77,2,8.377,175.917,1,167.54,4.7619047619999995,8.377,7.0,15,1,2019,10,0
1,0,1,1,4,99.7,3,14.955,314.055,2,299.1,4.7619047619999995,14.955,4.7,18,3,2019,11,1
1,0,0,1,2,79.91,3,11.9865,251.7165,1,239.73,4.7619047619999995,11.9865,5.0,20,3,2019,19,0
1,0,0,1,3,66.47,10,33.235,697.935,1,664.7,4.7619047619999995,33.235,5.0,15,1,2019,15,1
0,2,1,1,3,28.95,7,10.1325,212.7825,1,202.65,4.7619047619999995,10.1325,6.0,3,3,2019,20,1
2,1,1,0,0,46.2,1,2.31,48.51,0,46.2,4.7619047619999995,2.31,6.3,19,3,2019,12,1
1,0,0,0,2,17.63,5,4.4075,92.5575,0,88.15,4.7619047619999995,4.4075,8.5,8,3,2019,15,0
1,0,1,1,1,52.42,3,7.8629999999999995,165.123,2,157.26,4.7619047619999995,7.8629999999999995,7.5,27,2,2019,17,1
1,0,0,0,2,98.79,3,14.8185,311.1885,2,296.37,4.7619047619999995,14.8185,6.4,23,2,2019,20,0
2,1,0,0,0,88.55,8,35.42,743.82,2,708.4,4.7619047619999995,35.42,4.7,19,3,2019,15,0
1,0,0,1,0,55.67,2,5.567,116.90700000000001,2,111.34,4.7619047619999995,5.567,6.0,27,3,2019,15,1
2,1,0,0,2,72.52,8,29.008000000000003,609.168,1,580.16,4.7619047619999995,29.008000000000003,4.0,30,3,2019,19,0
2,1,0,1,0,12.05,5,3.0125,63.2625,2,60.25,4.7619047619999995,3.0125,5.5,16,2,2019,15,1
0,2,0,1,4,19.36,9,8.712,182.952,2,174.24,4.7619047619999995,8.712,8.7,18,1,2019,18,1
2,1,1,1,3,70.21,6,21.063000000000002,442.32300000000004,0,421.26,4.7619047619999995,21.063000000000002,7.4,30,3,2019,14,1
1,0,0,1,1,33.63,1,1.6815,35.3115,0,33.63,4.7619047619999995,1.6815,5.6,20,3,2019,19,0
2,1,0,0,5,15.49,2,1.5490000000000002,32.529,0,30.98,4.7619047619999995,1.5490000000000002,6.3,16,1,2019,15,0
2,1,1,1,0,24.74,10,12.37,259.77,0,247.4,4.7619047619999995,12.37,7.1,24,2,2019,16,1
1,0,1,1,0,75.66,5,18.915,397.215,2,378.3,4.7619047619999995,18.915,7.8,15,1,2019,18,1
1,0,1,0,3,55.81,6,16.743,351.603,0,334.86,4.7619047619999995,16.743,9.9,22,1,2019,11,1
0,2,0,1,4,72.78,10,36.39,764.19,0,727.8,4.7619047619999995,36.39,7.3,3,2,2019,17,0
1,0,0,1,5,37.32,9,16.794,352.67400000000004,2,335.88,4.7619047619999995,16.794,5.1,6,3,2019,15,1
1,0,0,1,1,60.18,4,12.036,252.75599999999997,1,240.72,4.7619047619999995,12.036,9.4,16,2,2019,18,1
0,2,1,0,0,15.69,3,2.3535,49.4235,1,47.07,4.7619047619999995,2.3535,5.8,14,3,2019,14,1
2,1,1,0,0,99.69,1,4.9845,104.6745,1,99.69,4.7619047619999995,4.9845,8.0,27,2,2019,10,0
0,2,0,0,1,88.15,3,13.2225,277.6725,2,264.45,4.7619047619999995,13.2225,7.9,18,1,2019,10,0
0,2,0,0,5,27.93,5,6.9825,146.6325,0,139.65,4.7619047619999995,6.9825,5.9,29,1,2019,15,0
0,2,0,1,1,55.45,1,2.7725,58.2225,1,55.45,4.7619047619999995,2.7725,4.9,26,2,2019,17,1
1,0,1,0,5,42.97,3,6.4455,135.3555,0,128.91,4.7619047619999995,6.4455,9.3,3,2,2019,11,0
2,1,0,1,5,17.14,7,5.999,125.979,1,119.98,4.7619047619999995,5.999,7.9,16,1,2019,12,0
1,0,0,0,1,58.75,6,17.625,370.125,1,352.5,4.7619047619999995,17.625,5.9,24,3,2019,18,0
2,1,0,0,2,87.1,10,43.55,914.55,1,871.0,4.7619047619999995,43.55,9.9,12,2,2019,14,0
2,1,1,0,5,98.8,2,9.88,207.48,0,197.6,4.7619047619999995,9.88,7.7,21,2,2019,11,0
0,2,1,0,1,48.63,4,9.726,204.24599999999998,2,194.52,4.7619047619999995,9.726,7.6,4,2,2019,15,1
1,0,0,1,2,57.74,3,8.661,181.88099999999997,2,173.22,4.7619047619999995,8.661,7.7,20,2,2019,13,1
1,0,1,0,3,17.97,4,3.594,75.47399999999999,2,71.88,4.7619047619999995,3.594,6.4,23,2,2019,20,0
2,1,0,0,3,47.71,6,14.312999999999999,300.573,2,286.26,4.7619047619999995,14.312999999999999,4.4,16,2,2019,14,0
1,0,1,0,5,40.62,2,4.062,85.302,1,81.24,4.7619047619999995,4.062,4.1,17,1,2019,10,0
0,2,0,1,1,56.04,10,28.02,588.42,2,560.4,4.7619047619999995,28.02,4.4,14,1,2019,19,0
1,0,0,1,2,93.4,2,9.34,196.14,0,186.8,4.7619047619999995,9.34,5.5,30,3,2019,16,0
1,0,1,0,3,73.41,3,11.0115,231.2415,2,220.23,4.7619047619999995,11.0115,4.0,2,3,2019,13,0
2,1,1,1,3,33.64,8,13.456,282.57599999999996,1,269.12,4.7619047619999995,13.456,9.3,15,2,2019,17,0
0,2,1,0,0,45.48,10,22.74,477.54,1,454.8,4.7619047619999995,22.74,4.8,1,3,2019,10,1
1,0,0,1,1,83.77,2,8.377,175.917,0,167.54,4.7619047619999995,8.377,4.6,24,2,2019,19,0
1,0,0,0,5,64.08,7,22.428,470.98800000000006,1,448.56,4.7619047619999995,22.428,7.3,19,2,2019,19,0
0,2,0,0,2,73.47,4,14.694,308.574,0,293.88,4.7619047619999995,14.694,6.0,23,2,2019,18,0
2,1,1,1,3,58.95,10,29.475,618.975,2,589.5,4.7619047619999995,29.475,8.1,7,2,2019,14,1
0,2,0,1,2,48.5,6,14.55,305.55,2,291.0,4.7619047619999995,14.55,9.4,11,1,2019,13,0
1,0,0,0,0,39.48,1,1.974,41.45399999999999,0,39.48,4.7619047619999995,1.974,6.5,12,2,2019,19,0
1,0,1,0,5,34.81,1,1.7405,36.5505,1,34.81,4.7619047619999995,1.7405,7.0,14,1,2019,10,0
2,1,1,0,1,49.32,6,14.796,310.716,2,295.92,4.7619047619999995,14.796,7.1,9,1,2019,13,1
0,2,0,1,1,21.48,2,2.148,45.108000000000004,2,42.96,4.7619047619999995,2.148,6.6,27,2,2019,12,0
1,0,0,0,5,23.08,6,6.9239999999999995,145.404,2,138.48,4.7619047619999995,6.9239999999999995,4.9,24,1,2019,19,0
1,0,0,0,4,49.1,2,4.91,103.11,1,98.2,4.7619047619999995,4.91,6.4,8,1,2019,12,0
1,0,0,0,5,64.83,2,6.483,136.143,1,129.66,4.7619047619999995,6.483,8.0,8,1,2019,11,0
0,2,0,1,4,63.56,10,31.78,667.38,0,635.6,4.7619047619999995,31.78,4.3,16,1,2019,17,0
2,1,0,1,5,72.88,2,7.287999999999999,153.048,0,145.76,4.7619047619999995,7.287999999999999,6.1,13,3,2019,12,0
0,2,1,0,2,67.1,3,10.065,211.365,0,201.3,4.7619047619999995,10.065,7.5,15,2,2019,10,0
2,1,0,0,5,70.19,9,31.5855,663.2955,0,631.71,4.7619047619999995,31.5855,6.7,25,1,2019,13,1
2,1,0,1,2,55.04,7,19.264,404.54400000000004,2,385.28,4.7619047619999995,19.264,5.2,12,3,2019,19,0
0,2,0,1,3,48.63,10,24.315,510.615,0,486.3,4.7619047619999995,24.315,8.8,4,3,2019,12,0
2,1,0,0,1,73.38,7,25.683000000000003,539.3430000000001,0,513.66,4.7619047619999995,25.683000000000003,9.5,10,2,2019,13,1
2,1,1,0,2,52.6,9,23.67,497.07,0,473.4,4.7619047619999995,23.67,7.6,16,1,2019,14,1
0,2,0,0,4,87.37,5,21.8425,458.6925,0,436.85,4.7619047619999995,21.8425,6.6,29,1,2019,19,0
0,2,0,0,5,27.04,4,5.4079999999999995,113.568,2,108.16,4.7619047619999995,5.4079999999999995,6.9,1,1,2019,20,0
1,0,1,1,4,62.19,4,12.437999999999999,261.198,2,248.76,4.7619047619999995,12.437999999999999,4.3,6,1,2019,19,1
0,2,0,1,0,69.58,9,31.311,657.5310000000001,1,626.22,4.7619047619999995,31.311,7.8,19,2,2019,19,0
2,1,1,1,4,97.5,10,48.75,1023.75,2,975.0,4.7619047619999995,48.75,8.0,12,1,2019,16,1
2,1,1,0,1,60.41,8,24.164,507.444,2,483.28,4.7619047619999995,24.164,9.6,7,2,2019,12,1
1,0,1,1,2,32.32,3,4.848,101.80799999999999,1,96.96,4.7619047619999995,4.848,4.3,27,3,2019,19,1
1,0,0,0,1,19.77,10,9.885,207.585,1,197.7,4.7619047619999995,9.885,5.0,27,2,2019,18,0
1,0,0,1,3,80.47,9,36.2115,760.4415,0,724.23,4.7619047619999995,36.2115,9.2,6,1,2019,11,1
1,0,0,0,4,88.39,9,39.7755,835.2855,0,795.51,4.7619047619999995,39.7755,6.3,2,3,2019,12,0
1,0,1,1,3,71.77,7,25.1195,527.5095,0,502.39,4.7619047619999995,25.1195,8.9,29,3,2019,14,1
1,0,1,0,0,43.0,4,8.6,180.6,2,172.0,4.7619047619999995,8.6,7.6,31,1,2019,20,1
2,1,0,1,2,68.98,1,3.449,72.429,0,68.98,4.7619047619999995,3.449,4.8,21,1,2019,20,0
2,1,1,1,1,15.62,8,6.247999999999999,131.208,2,124.96,4.7619047619999995,6.247999999999999,9.1,20,1,2019,20,1
0,2,1,1,5,25.7,3,3.855,80.955,2,77.1,4.7619047619999995,3.855,6.1,17,1,2019,17,1
0,2,0,1,2,80.62,6,24.186,507.906,0,483.72,4.7619047619999995,24.186,9.1,28,2,2019,20,0
2,1,0,0,4,75.53,4,15.106,317.226,2,302.12,4.7619047619999995,15.106,8.3,19,3,2019,15,0
2,1,1,0,0,77.63,9,34.9335,733.6035,2,698.67,4.7619047619999995,34.9335,7.2,19,2,2019,15,1
2,1,1,0,3,13.85,9,6.2325,130.8825,2,124.65,4.7619047619999995,6.2325,6.0,4,2,2019,12,0
2,1,0,1,1,98.7,8,39.48,829.08,2,789.6,4.7619047619999995,39.48,8.5,31,1,2019,10,1
0,2,1,0,3,35.68,5,8.92,187.32,1,178.4,4.7619047619999995,8.92,6.6,6,2,2019,18,0
0,2,0,0,1,71.46,7,25.011,525.231,2,500.22,4.7619047619999995,25.011,4.5,28,3,2019,16,0
0,2,0,1,0,11.94,3,1.791,37.611,1,35.82,4.7619047619999995,1.791,8.1,19,1,2019,12,1
0,2,1,1,1,45.38,3,6.807,142.947,1,136.14,4.7619047619999995,6.807,7.2,17,2,2019,13,1
1,0,0,0,1,17.48,6,5.244,110.124,1,104.88,4.7619047619999995,5.244,6.1,18,1,2019,15,1
1,0,1,0,1,25.56,7,8.946,187.86599999999999,0,178.92,4.7619047619999995,8.946,7.1,2,2,2019,20,0
2,1,0,0,5,90.63,9,40.7835,856.4535,0,815.67,4.7619047619999995,40.7835,5.1,18,1,2019,15,0
1,0,1,1,4,44.12,3,6.617999999999999,138.97799999999998,1,132.36,4.7619047619999995,6.617999999999999,7.9,18,3,2019,13,1
2,1,0,0,2,36.77,7,12.8695,270.2595,0,257.39,4.7619047619999995,12.8695,7.4,11,1,2019,20,1
1,0,0,1,2,23.34,4,4.668,98.02799999999999,2,93.36,4.7619047619999995,4.668,7.4,4,2,2019,18,1
2,1,0,0,3,28.5,8,11.4,239.4,0,228.0,4.7619047619999995,11.4,6.6,6,2,2019,14,0
2,1,0,1,4,55.57,3,8.3355,175.0455,1,166.71,4.7619047619999995,8.3355,5.9,8,1,2019,11,0
1,0,1,1,5,69.74,10,34.87,732.27,1,697.4,4.7619047619999995,34.87,8.9,5,3,2019,17,0
2,1,1,1,1,97.26,4,19.452,408.49199999999996,2,389.04,4.7619047619999995,19.452,6.8,16,3,2019,15,1
1,0,0,0,4,52.18,7,18.262999999999998,383.523,0,365.26,4.7619047619999995,18.262999999999998,9.3,9,3,2019,10,0
0,2,0,0,1,22.32,4,4.4639999999999995,93.744,1,89.28,4.7619047619999995,4.4639999999999995,4.4,1,3,2019,16,0
0,2,1,1,3,56.0,3,8.4,176.4,2,168.0,4.7619047619999995,8.4,4.8,28,2,2019,19,1
0,2,0,1,1,19.7,1,0.985,20.685,2,19.7,4.7619047619999995,0.985,9.5,8,2,2019,11,1
1,0,1,1,0,75.88,7,26.558000000000003,557.7180000000001,2,531.16,4.7619047619999995,26.558000000000003,8.9,24,1,2019,10,1
1,0,0,1,2,53.72,1,2.6860000000000004,56.406000000000006,2,53.72,4.7619047619999995,2.6860000000000004,6.4,1,3,2019,20,1
2,1,0,1,3,81.95,10,40.975,860.475,1,819.5,4.7619047619999995,40.975,6.0,10,3,2019,12,0
2,1,0,0,4,81.2,7,28.42,596.82,1,568.4,4.7619047619999995,28.42,8.1,23,3,2019,15,0
2,1,1,1,0,58.76,10,29.38,616.98,2,587.6,4.7619047619999995,29.38,9.0,29,1,2019,14,1
1,0,0,1,0,91.56,8,36.624,769.1039999999999,2,732.48,4.7619047619999995,36.624,6.0,12,1,2019,18,0
0,2,1,1,4,93.96,9,42.282,887.922,0,845.64,4.7619047619999995,42.282,9.8,20,3,2019,11,1
2,1,1,1,4,55.61,7,19.4635,408.7335,0,389.27,4.7619047619999995,19.4635,8.5,23,3,2019,12,1
2,1,1,1,2,84.83,1,4.2415,89.0715,2,84.83,4.7619047619999995,4.2415,8.8,14,1,2019,15,1
0,2,0,0,5,71.63,2,7.162999999999999,150.423,2,143.26,4.7619047619999995,7.162999999999999,8.8,12,2,2019,14,0
0,2,0,1,4,37.69,2,3.7689999999999997,79.149,2,75.38,4.7619047619999995,3.7689999999999997,9.5,20,2,2019,15,1
2,1,0,0,5,31.67,8,12.668,266.028,1,253.36,4.7619047619999995,12.668,5.6,2,1,2019,16,0
2,1,0,0,2,38.42,1,1.921,40.341,0,38.42,4.7619047619999995,1.921,8.6,2,2,2019,16,0
1,0,0,1,1,65.23,10,32.615,684.915,1,652.3,4.7619047619999995,32.615,5.2,8,1,2019,19,0
2,1,0,0,4,10.53,5,2.6325,55.2825,1,52.65,4.7619047619999995,2.6325,5.8,30,1,2019,14,0
1,0,0,0,4,12.29,9,5.5305,116.1405,1,110.61,4.7619047619999995,5.5305,8.0,26,3,2019,19,0
2,1,0,1,3,81.23,7,28.4305,597.0405,0,568.61,4.7619047619999995,28.4305,9.0,15,1,2019,20,0
1,0,0,0,1,22.32,4,4.4639999999999995,93.744,2,89.28,4.7619047619999995,4.4639999999999995,4.1,14,3,2019,11,0
0,2,1,0,2,27.28,5,6.82,143.22,1,136.4,4.7619047619999995,6.82,8.6,3,2,2019,10,0
0,2,0,0,0,17.42,10,8.71,182.91,2,174.2,4.7619047619999995,8.71,7.0,22,2,2019,12,0
1,0,1,1,4,73.28,5,18.32,384.72,2,366.4,4.7619047619999995,18.32,8.4,24,1,2019,15,1
2,1,0,0,1,84.87,3,12.7305,267.3405,2,254.61,4.7619047619999995,12.7305,7.4,25,1,2019,18,0
0,2,1,0,1,97.29,8,38.916,817.2360000000001,1,778.32,4.7619047619999995,38.916,6.2,9,3,2019,13,1
1,0,0,0,0,35.74,8,14.296,300.216,2,285.92,4.7619047619999995,14.296,4.9,17,2,2019,15,0
0,2,1,0,4,96.52,6,28.956,608.076,0,579.12,4.7619047619999995,28.956,4.5,11,1,2019,11,0
0,2,0,1,2,18.85,10,9.425,197.925,2,188.5,4.7619047619999995,9.425,5.6,27,2,2019,18,0
0,2,1,0,2,55.39,4,11.078,232.638,2,221.56,4.7619047619999995,11.078,8.0,25,3,2019,15,0
1,0,0,0,2,77.2,10,38.6,810.6,1,772.0,4.7619047619999995,38.6,5.6,11,2,2019,10,1
1,0,1,1,0,72.13,10,36.065,757.365,1,721.3,4.7619047619999995,36.065,4.2,31,1,2019,15,1
0,2,0,0,1,63.88,8,25.552,536.592,2,511.04,4.7619047619999995,25.552,9.9,20,1,2019,17,0
0,2,0,0,3,10.69,5,2.6725,56.1225,2,53.45,4.7619047619999995,2.6725,7.6,26,3,2019,11,0
0,2,0,1,3,55.5,4,11.1,233.1,1,222.0,4.7619047619999995,11.1,6.6,20,1,2019,15,1
1,0,1,0,4,95.46,8,38.184,801.8639999999999,2,763.68,4.7619047619999995,38.184,4.7,5,3,2019,19,0
2,1,1,0,1,76.06,3,11.409,239.58900000000003,1,228.18,4.7619047619999995,11.409,9.8,5,1,2019,20,1
1,0,1,1,5,13.69,6,4.107,86.24700000000001,0,82.14,4.7619047619999995,4.107,6.3,13,2,2019,13,1
1,0,1,0,0,95.64,4,19.128,401.68800000000005,0,382.56,4.7619047619999995,19.128,7.9,16,3,2019,18,0
0,2,1,0,4,11.43,6,3.429,72.009,0,68.58,4.7619047619999995,3.429,7.7,15,1,2019,17,1
1,0,0,0,5,95.54,4,19.108,401.26800000000003,2,382.16,4.7619047619999995,19.108,4.5,26,2,2019,11,0
2,1,0,0,3,85.87,7,30.0545,631.1445,1,601.09,4.7619047619999995,30.0545,8.0,27,2,2019,19,0
2,1,0,0,5,67.99,7,23.7965,499.7265,2,475.93,4.7619047619999995,23.7965,5.7,17,2,2019,16,0
2,1,1,0,2,52.42,1,2.6210000000000004,55.041000000000004,1,52.42,4.7619047619999995,2.6210000000000004,6.3,6,2,2019,10,0
2,1,0,1,2,65.65,2,6.565,137.865,0,131.3,4.7619047619999995,6.565,6.0,17,1,2019,16,0
1,0,1,0,2,28.86,5,7.215,151.515,1,144.3,4.7619047619999995,7.215,8.0,22,1,2019,18,1
2,1,0,1,3,65.31,7,22.8585,480.0285,1,457.17,4.7619047619999995,22.8585,4.2,5,3,2019,18,0
1,0,1,1,5,93.38,1,4.669,98.04899999999999,0,93.38,4.7619047619999995,4.669,9.6,3,1,2019,13,0
2,1,0,1,5,25.25,5,6.3125,132.5625,0,126.25,4.7619047619999995,6.3125,6.1,20,3,2019,17,0
1,0,0,1,0,87.87,9,39.5415,830.3715,2,790.83,4.7619047619999995,39.5415,5.6,31,1,2019,20,0
2,1,1,1,3,21.8,8,8.72,183.12,0,174.4,4.7619047619999995,8.72,8.3,19,2,2019,19,1
0,2,1,0,5,94.76,4,18.952,397.99199999999996,2,379.04,4.7619047619999995,18.952,7.8,11,2,2019,16,0
0,2,0,0,1,30.62,1,1.531,32.150999999999996,1,30.62,4.7619047619999995,1.531,4.1,5,2,2019,14,0
2,1,1,0,4,44.01,8,17.604,369.684,0,352.08,4.7619047619999995,17.604,8.8,3,3,2019,17,0
2,1,0,0,3,10.16,5,2.54,53.34,2,50.8,4.7619047619999995,2.54,4.1,24,2,2019,13,0
0,2,1,1,0,74.58,7,26.103,548.163,1,522.06,4.7619047619999995,26.103,9.0,4,2,2019,16,0
2,1,1,1,0,71.89,8,28.756,603.876,2,575.12,4.7619047619999995,28.756,5.5,19,2,2019,11,1
2,1,1,0,3,10.99,5,2.7475,57.6975,1,54.95,4.7619047619999995,2.7475,9.3,23,1,2019,10,0
2,1,0,1,3,60.47,3,9.0705,190.4805,1,181.41,4.7619047619999995,9.0705,5.6,14,1,2019,10,0
0,2,1,1,5,58.91,7,20.6185,432.9885,2,412.37,4.7619047619999995,20.6185,9.7,17,1,2019,15,0
0,2,1,1,1,46.41,1,2.3205,48.7305,1,46.41,4.7619047619999995,2.3205,4.0,3,3,2019,20,1
2,1,0,1,3,68.55,4,13.71,287.91,1,274.2,4.7619047619999995,13.71,9.2,15,2,2019,20,0
1,0,1,0,4,97.37,10,48.685,1022.385,1,973.7,4.7619047619999995,48.685,4.9,15,1,2019,13,1
0,2,0,1,0,92.6,7,32.41,680.61,1,648.2,4.7619047619999995,32.41,9.3,27,2,2019,12,1
0,2,1,0,0,46.61,2,4.6610000000000005,97.881,1,93.22,4.7619047619999995,4.6610000000000005,6.6,26,2,2019,12,0
1,0,1,1,1,27.18,2,2.718,57.078,2,54.36,4.7619047619999995,2.718,4.3,15,3,2019,16,1
2,1,0,0,4,60.87,1,3.0435,63.9135,0,60.87,4.7619047619999995,3.0435,5.5,24,1,2019,13,0
0,2,0,0,5,24.49,10,12.245,257.145,0,244.9,4.7619047619999995,12.245,8.1,22,2,2019,15,0
1,0,1,1,3,92.78,1,4.638999999999999,97.419,1,92.78,4.7619047619999995,4.638999999999999,9.8,15,3,2019,10,1
2,1,0,1,4,86.69,5,21.6725,455.1225,2,433.45,4.7619047619999995,21.6725,9.4,11,2,2019,18,0
1,0,1,1,5,23.01,6,6.903,144.963,2,138.06,4.7619047619999995,6.903,7.9,12,1,2019,16,1
2,1,0,0,0,30.2,8,12.08,253.68,2,241.6,4.7619047619999995,12.08,5.1,3,3,2019,19,0
2,1,0,1,1,67.39,7,23.5865,495.3165,2,471.73,4.7619047619999995,23.5865,6.9,23,3,2019,13,1
0,2,0,0,1,48.96,9,22.031999999999996,462.67199999999997,0,440.64,4.7619047619999995,22.031999999999996,8.0,4,3,2019,11,0
1,0,0,0,0,75.59,9,34.0155,714.3255,0,680.31,4.7619047619999995,34.0155,8.0,23,2,2019,11,1
0,2,1,0,4,77.47,4,15.494000000000002,325.374,0,309.88,4.7619047619999995,15.494000000000002,4.2,17,3,2019,16,0
0,2,1,0,5,93.18,2,9.318,195.678,1,186.36,4.7619047619999995,9.318,8.5,16,1,2019,18,0
0,2,1,0,0,50.23,4,10.046,210.96599999999998,0,200.92,4.7619047619999995,10.046,9.0,8,1,2019,17,1
1,0,1,0,3,17.75,1,0.8875,18.6375,0,17.75,4.7619047619999995,0.8875,8.6,14,1,2019,10,1
2,1,1,0,1,62.18,10,31.09,652.89,2,621.8,4.7619047619999995,31.09,6.0,31,1,2019,10,1
1,0,1,1,3,10.75,8,4.3,90.3,2,86.0,4.7619047619999995,4.3,6.2,15,3,2019,14,1
0,2,1,0,0,40.26,10,20.13,422.73,1,402.6,4.7619047619999995,20.13,5.0,24,2,2019,18,0
2,1,0,0,5,64.97,5,16.2425,341.0925,1,324.85,4.7619047619999995,16.2425,6.5,8,2,2019,12,0
0,2,1,1,0,95.15,1,4.7575,99.9075,0,95.15,4.7619047619999995,4.7575,6.0,22,3,2019,14,1
0,2,0,0,0,48.62,8,19.448,408.408,0,388.96,4.7619047619999995,19.448,5.0,24,1,2019,10,1
1,0,1,0,2,53.21,8,21.284000000000002,446.964,2,425.68,4.7619047619999995,21.284000000000002,5.0,14,3,2019,16,0
2,1,1,0,1,45.44,7,15.904000000000002,333.98400000000004,0,318.08,4.7619047619999995,15.904000000000002,9.2,23,1,2019,11,1
0,2,1,1,2,33.88,8,13.552,284.592,2,271.04,4.7619047619999995,13.552,9.6,19,1,2019,20,1
1,0,0,1,3,96.16,4,19.232,403.87199999999996,1,384.64,4.7619047619999995,19.232,8.4,27,1,2019,20,0
1,0,0,1,2,47.16,5,11.79,247.59,1,235.8,4.7619047619999995,11.79,6.0,3,2,2019,14,1
1,0,1,1,0,52.89,4,10.578,222.138,2,211.56,4.7619047619999995,10.578,6.7,25,3,2019,16,1
0,2,0,0,4,47.68,2,4.768,100.12799999999999,1,95.36,4.7619047619999995,4.768,4.1,24,2,2019,10,0
2,1,0,1,5,10.17,1,0.5085,10.6785,0,10.17,4.7619047619999995,0.5085,5.9,7,2,2019,14,0
0,2,1,0,3,68.71,3,10.3065,216.4365,0,206.13,4.7619047619999995,10.3065,8.7,4,3,2019,10,1
1,0,0,0,5,60.08,7,21.028000000000002,441.588,1,420.56,4.7619047619999995,21.028000000000002,4.5,14,2,2019,11,0
0,2,0,0,5,22.01,4,4.402,92.44200000000001,1,88.04,4.7619047619999995,4.402,6.6,29,1,2019,18,1
1,0,0,0,3,72.11,9,32.4495,681.4395,1,648.99,4.7619047619999995,32.4495,7.7,28,1,2019,13,1
0,2,0,1,1,41.28,3,6.192,130.032,1,123.84,4.7619047619999995,6.192,8.5,26,3,2019,18,1
2,1,1,1,0,64.95,10,32.475,681.975,0,649.5,4.7619047619999995,32.475,5.2,24,3,2019,18,1
0,2,0,0,0,74.22,10,37.11,779.31,1,742.2,4.7619047619999995,37.11,4.3,1,1,2019,14,1
0,2,1,1,0,10.56,8,4.224,88.704,0,84.48,4.7619047619999995,4.224,7.6,24,1,2019,17,1
1,0,1,1,3,62.57,4,12.514000000000001,262.79400000000004,0,250.28,4.7619047619999995,12.514000000000001,9.5,25,2,2019,18,1
1,0,0,0,5,11.85,8,4.74,99.54,0,94.8,4.7619047619999995,4.74,4.1,9,1,2019,16,0
0,2,0,1,3,91.3,1,4.565,95.865,2,91.3,4.7619047619999995,4.565,9.2,14,2,2019,14,1
1,0,0,0,4,40.73,7,14.2555,299.3655,2,285.11,4.7619047619999995,14.2555,5.4,12,3,2019,11,0
0,2,1,1,1,52.38,1,2.6189999999999998,54.998999999999995,0,52.38,4.7619047619999995,2.6189999999999998,5.8,26,3,2019,19,1
0,2,0,1,1,38.54,5,9.635,202.335,2,192.7,4.7619047619999995,9.635,5.6,9,1,2019,13,0
1,0,1,1,5,44.63,6,13.389000000000001,281.16900000000004,1,267.78,4.7619047619999995,13.389000000000001,5.1,2,1,2019,20,1
2,1,1,1,0,55.87,10,27.935,586.635,0,558.7,4.7619047619999995,27.935,5.8,15,1,2019,15,1
2,1,0,0,5,29.22,6,8.766,184.08599999999998,2,175.32,4.7619047619999995,8.766,5.0,1,1,2019,11,0
0,2,1,1,1,51.94,3,7.791,163.611,0,155.82,4.7619047619999995,7.791,7.9,15,2,2019,15,1
1,0,1,1,0,60.3,1,3.015,63.315,0,60.3,4.7619047619999995,3.015,6.0,28,2,2019,17,0
0,2,0,0,5,39.47,2,3.947,82.887,1,78.94,4.7619047619999995,3.947,5.0,2,3,2019,16,0
2,1,0,0,2,14.87,2,1.4869999999999999,31.226999999999997,1,29.74,4.7619047619999995,1.4869999999999999,8.9,13,2,2019,18,0
0,2,1,1,1,21.32,1,1.0659999999999998,22.386,0,21.32,4.7619047619999995,1.0659999999999998,5.9,26,1,2019,12,1
0,2,0,1,0,93.78,3,14.067,295.407,1,281.34,4.7619047619999995,14.067,5.9,30,1,2019,11,0
0,2,0,1,0,73.26,1,3.6630000000000003,76.923,2,73.26,4.7619047619999995,3.6630000000000003,9.7,27,1,2019,18,0
2,1,1,0,5,22.38,1,1.119,23.499000000000002,1,22.38,4.7619047619999995,1.119,8.6,30,1,2019,17,0
2,1,0,0,2,72.88,9,32.796,688.716,0,655.92,4.7619047619999995,32.796,4.0,8,1,2019,19,0
0,2,1,0,1,99.1,6,29.73,624.33,0,594.6,4.7619047619999995,29.73,4.2,19,1,2019,13,1
0,2,1,1,1,74.1,1,3.705,77.805,0,74.1,4.7619047619999995,3.705,9.2,25,1,2019,11,0
0,2,1,0,1,98.48,2,9.847999999999999,206.808,2,196.96,4.7619047619999995,9.847999999999999,9.2,19,2,2019,10,0
2,1,1,1,3,53.19,7,18.6165,390.9465,2,372.33,4.7619047619999995,18.6165,5.0,14,1,2019,15,1
1,0,1,0,0,52.79,10,26.395,554.295,2,527.9,4.7619047619999995,26.395,10.0,25,2,2019,11,1
0,2,0,0,3,95.95,5,23.9875,503.7375,2,479.75,4.7619047619999995,23.9875,8.8,23,1,2019,14,0
1,0,1,0,1,36.51,9,16.4295,345.0195,0,328.59,4.7619047619999995,16.4295,4.2,16,2,2019,10,1
1,0,1,1,2,21.12,8,8.448,177.408,0,168.96,4.7619047619999995,8.448,6.3,1,1,2019,19,1
0,2,0,0,4,28.31,4,5.662000000000001,118.902,0,113.24,4.7619047619999995,5.662000000000001,8.2,7,3,2019,18,0
1,0,1,1,3,57.59,6,17.277,362.81699999999995,0,345.54,4.7619047619999995,17.277,5.1,15,2,2019,13,1
0,2,0,0,2,47.63,9,21.4335,450.1035,0,428.67,4.7619047619999995,21.4335,5.0,23,1,2019,12,1
2,1,0,0,4,86.27,1,4.3135,90.5835,2,86.27,4.7619047619999995,4.3135,7.0,20,2,2019,13,0
0,2,0,1,5,12.76,2,1.276,26.796,2,25.52,4.7619047619999995,1.276,7.8,8,1,2019,18,1
1,0,1,0,4,11.28,9,5.0760000000000005,106.596,1,101.52,4.7619047619999995,5.0760000000000005,4.3,17,3,2019,11,0
1,0,1,0,4,51.07,7,17.8745,375.3645,0,357.49,4.7619047619999995,17.8745,7.0,12,1,2019,11,0
0,2,0,0,0,79.59,3,11.9385,250.7085,0,238.77,4.7619047619999995,11.9385,6.6,8,1,2019,14,0
2,1,0,1,3,33.81,3,5.0715,106.5015,2,101.43,4.7619047619999995,5.0715,7.3,26,1,2019,15,1
1,0,0,1,5,90.53,8,36.211999999999996,760.452,1,724.24,4.7619047619999995,36.211999999999996,6.5,15,3,2019,14,1
2,1,0,0,3,62.82,2,6.282,131.922,2,125.64,4.7619047619999995,6.282,4.9,17,1,2019,12,0
2,1,0,1,2,24.31,3,3.6465,76.5765,1,72.93,4.7619047619999995,3.6465,4.3,8,1,2019,19,0
0,2,1,1,5,64.59,4,12.918,271.278,2,258.36,4.7619047619999995,12.918,9.3,6,1,2019,13,0
0,2,0,1,2,24.82,7,8.687000000000001,182.42700000000002,1,173.74,4.7619047619999995,8.687000000000001,7.1,16,2,2019,10,0
2,1,1,1,1,56.5,1,2.825,59.325,2,56.5,4.7619047619999995,2.825,9.6,13,3,2019,15,1
1,0,0,0,0,21.43,10,10.715,225.015,0,214.3,4.7619047619999995,10.715,6.2,28,1,2019,11,1
0,2,0,1,5,89.06,6,26.718000000000004,561.078,0,534.36,4.7619047619999995,26.718000000000004,9.9,18,1,2019,17,0
0,2,0,1,4,23.29,4,4.658,97.818,1,93.16,4.7619047619999995,4.658,5.9,19,3,2019,11,1
2,1,1,1,4,65.26,8,26.104,548.184,2,522.08,4.7619047619999995,26.104,6.3,15,3,2019,14,1
2,1,0,1,1,52.35,1,2.6175,54.9675,0,52.35,4.7619047619999995,2.6175,4.0,12,2,2019,17,0
1,0,0,1,0,39.75,1,1.9875,41.7375,0,39.75,4.7619047619999995,1.9875,6.1,25,2,2019,20,0
0,2,1,0,0,90.02,8,36.008,756.168,1,720.16,4.7619047619999995,36.008,4.5,21,3,2019,16,1
1,0,0,0,0,12.1,8,4.84,101.64,2,96.8,4.7619047619999995,4.84,8.6,19,1,2019,10,1
1,0,0,0,2,33.21,10,16.605,348.705,2,332.1,4.7619047619999995,16.605,6.0,8,1,2019,14,0
2,1,0,0,1,10.18,8,4.072,85.512,1,81.44,4.7619047619999995,4.072,9.5,30,3,2019,12,0
1,0,0,1,5,31.99,10,15.995,335.895,1,319.9,4.7619047619999995,15.995,9.9,20,2,2019,15,0
0,2,0,0,4,34.42,6,10.325999999999999,216.84599999999998,2,206.52,4.7619047619999995,10.325999999999999,7.5,30,3,2019,12,0
0,2,0,0,2,83.34,2,8.334,175.014,0,166.68,4.7619047619999995,8.334,7.6,19,3,2019,13,1
0,2,1,1,5,45.58,7,15.953,335.01300000000003,0,319.06,4.7619047619999995,15.953,5.0,13,1,2019,10,0
0,2,0,1,2,87.9,1,4.395,92.295,2,87.9,4.7619047619999995,4.395,6.7,5,2,2019,19,1
0,2,0,0,0,73.47,10,36.735,771.435,2,734.7,4.7619047619999995,36.735,9.5,23,3,2019,13,1
2,1,1,0,1,12.19,8,4.876,102.396,2,97.52,4.7619047619999995,4.876,6.8,13,3,2019,12,1
0,2,0,1,5,76.92,10,38.46,807.66,2,769.2,4.7619047619999995,38.46,5.6,17,3,2019,19,0
2,1,1,0,3,83.66,5,20.915,439.215,0,418.3,4.7619047619999995,20.915,7.2,21,2,2019,10,1
1,0,1,0,0,57.91,8,23.164,486.444,0,463.28,4.7619047619999995,23.164,8.1,7,2,2019,15,1
2,1,0,0,1,92.49,5,23.1225,485.5725,1,462.45,4.7619047619999995,23.1225,8.6,2,3,2019,16,0
1,0,1,1,0,28.38,5,7.095,148.995,0,141.9,4.7619047619999995,7.095,9.4,6,3,2019,20,1
1,0,0,1,0,50.45,6,15.135,317.835,1,302.7,4.7619047619999995,15.135,8.9,6,2,2019,15,0
1,0,1,1,3,99.16,8,39.664,832.944,1,793.28,4.7619047619999995,39.664,4.2,28,1,2019,17,1
2,1,1,1,1,60.74,7,21.259,446.439,2,425.18,4.7619047619999995,21.259,5.0,18,1,2019,16,1
2,1,0,0,2,47.27,6,14.181,297.801,0,283.62,4.7619047619999995,14.181,8.8,5,2,2019,10,0
2,1,0,1,3,85.6,7,29.96,629.16,0,599.2,4.7619047619999995,29.96,5.3,2,3,2019,13,0
0,2,0,1,2,35.04,9,15.767999999999999,331.12800000000004,2,315.36,4.7619047619999995,15.767999999999999,4.6,9,2,2019,19,0
2,1,0,0,0,44.84,9,20.178,423.73800000000006,1,403.56,4.7619047619999995,20.178,7.5,14,1,2019,14,1
1,0,1,1,4,45.97,4,9.193999999999999,193.074,2,183.88,4.7619047619999995,9.193999999999999,5.1,9,2,2019,12,1
0,2,0,0,3,27.73,5,6.9325,145.5825,1,138.65,4.7619047619999995,6.9325,4.2,26,3,2019,20,0
0,2,1,1,2,11.53,7,4.0355,84.7455,0,80.71,4.7619047619999995,4.0355,8.1,28,1,2019,17,1
2,1,1,0,3,58.32,2,5.832000000000001,122.47200000000001,2,116.64,4.7619047619999995,5.832000000000001,6.0,14,2,2019,12,0
2,1,0,0,4,78.38,4,15.675999999999998,329.19599999999997,0,313.52,4.7619047619999995,15.675999999999998,7.9,24,3,2019,17,0
2,1,1,1,3,84.61,10,42.305,888.405,1,846.1,4.7619047619999995,42.305,8.8,9,2,2019,18,1
1,0,1,0,3,82.88,5,20.72,435.12,1,414.4,4.7619047619999995,20.72,6.6,24,3,2019,14,0
0,2,0,0,2,79.54,2,7.954,167.03400000000002,2,159.08,4.7619047619999995,7.954,6.2,27,3,2019,16,0
1,0,1,0,4,49.01,10,24.505,514.605,1,490.1,4.7619047619999995,24.505,4.2,27,1,2019,10,1
1,0,0,0,2,29.15,3,4.3725,91.8225,1,87.45,4.7619047619999995,4.3725,7.3,27,3,2019,20,0
2,1,1,0,0,56.13,4,11.225999999999999,235.74599999999998,2,224.52,4.7619047619999995,11.225999999999999,8.6,19,1,2019,11,1
0,2,1,0,4,93.12,8,37.248000000000005,782.2080000000001,0,744.96,4.7619047619999995,37.248000000000005,6.8,7,2,2019,10,0
0,2,0,1,1,51.34,8,20.535999999999998,431.256,2,410.72,4.7619047619999995,20.535999999999998,7.6,31,1,2019,10,0
0,2,0,0,2,99.6,3,14.94,313.74,0,298.8,4.7619047619999995,14.94,5.8,25,2,2019,18,0
2,1,1,0,0,35.49,6,10.647,223.58700000000002,0,212.94,4.7619047619999995,10.647,4.1,2,2,2019,12,1
2,1,0,1,5,42.85,1,2.1425,44.9925,1,42.85,4.7619047619999995,2.1425,9.3,14,3,2019,15,0
0,2,1,0,1,94.67,4,18.934,397.61400000000003,0,378.68,4.7619047619999995,18.934,6.8,11,3,2019,12,1
1,0,1,1,4,68.97,3,10.3455,217.2555,2,206.91,4.7619047619999995,10.3455,8.7,22,2,2019,11,1
1,0,0,0,0,26.26,3,3.9389999999999996,82.719,2,78.78,4.7619047619999995,3.9389999999999996,6.3,2,3,2019,12,0
2,1,0,0,4,35.79,9,16.1055,338.2155,1,322.11,4.7619047619999995,16.1055,5.1,10,3,2019,15,0
1,0,1,0,4,16.37,6,4.9110000000000005,103.131,0,98.22,4.7619047619999995,4.9110000000000005,7.0,8,2,2019,10,0
2,1,0,0,4,12.73,2,1.273,26.733,1,25.46,4.7619047619999995,1.273,5.2,22,2,2019,12,0
2,1,1,0,5,83.14,7,29.099,611.0790000000001,1,581.98,4.7619047619999995,29.099,6.6,10,1,2019,10,0
2,1,0,0,5,35.22,6,10.565999999999999,221.886,2,211.32,4.7619047619999995,10.565999999999999,6.5,14,3,2019,13,0
1,0,1,0,0,13.78,4,2.7560000000000002,57.876000000000005,2,55.12,4.7619047619999995,2.7560000000000002,9.0,10,1,2019,11,1
1,0,0,1,5,88.31,1,4.4155,92.7255,1,88.31,4.7619047619999995,4.4155,5.2,15,2,2019,17,1
0,2,0,0,3,39.62,9,17.829,374.409,1,356.58,4.7619047619999995,17.829,6.8,13,1,2019,17,0
1,0,1,0,0,88.25,9,39.7125,833.9625,1,794.25,4.7619047619999995,39.7125,7.6,15,2,2019,20,0
1,0,1,1,5,25.31,2,2.531,53.151,2,50.62,4.7619047619999995,2.531,7.2,2,3,2019,19,1
1,0,1,1,4,99.92,6,29.976,629.496,2,599.52,4.7619047619999995,29.976,7.1,24,3,2019,13,1
2,1,0,0,1,83.35,2,8.335,175.035,1,166.7,4.7619047619999995,8.335,9.5,2,2,2019,14,0
0,2,1,0,2,74.44,10,37.22,781.62,2,744.4,4.7619047619999995,37.22,5.1,27,2,2019,11,1
2,1,1,1,3,64.08,7,22.428,470.98800000000006,2,448.56,4.7619047619999995,22.428,7.6,20,1,2019,12,1
1,0,1,0,4,63.15,6,18.945,397.845,2,378.9,4.7619047619999995,18.945,9.8,3,1,2019,20,0
2,1,0,1,4,85.72,3,12.857999999999999,270.018,2,257.16,4.7619047619999995,12.857999999999999,5.1,24,1,2019,20,1
2,1,1,0,3,78.89,7,27.6115,579.8415,2,552.23,4.7619047619999995,27.6115,7.5,5,1,2019,19,0
0,2,1,0,5,89.48,5,22.37,469.77,0,447.4,4.7619047619999995,22.37,7.4,30,3,2019,10,1
0,2,0,0,3,92.09,3,13.8135,290.0835,0,276.27,4.7619047619999995,13.8135,4.2,17,2,2019,16,0
2,1,1,0,2,57.29,6,17.187,360.92699999999996,2,343.74,4.7619047619999995,17.187,5.9,21,3,2019,17,0
0,2,1,1,2,66.52,4,13.304,279.384,2,266.08,4.7619047619999995,13.304,6.9,2,3,2019,18,1
2,1,0,1,1,99.82,9,44.919,943.299,0,898.38,4.7619047619999995,44.919,6.6,27,3,2019,10,0
0,2,1,0,4,45.68,10,22.84,479.64,2,456.8,4.7619047619999995,22.84,5.7,19,1,2019,19,0
0,2,1,1,3,50.79,5,12.6975,266.6475,1,253.95,4.7619047619999995,12.6975,5.3,19,2,2019,14,1
0,2,0,1,3,10.08,7,3.528,74.08800000000001,0,70.56,4.7619047619999995,3.528,4.2,28,3,2019,20,1
0,2,1,0,0,93.88,7,32.858000000000004,690.018,1,657.16,4.7619047619999995,32.858000000000004,7.3,5,1,2019,11,1
2,1,0,1,0,84.25,2,8.425,176.925,1,168.5,4.7619047619999995,8.425,5.3,26,3,2019,14,1
1,0,0,1,1,53.78,1,2.6889999999999996,56.468999999999994,2,53.78,4.7619047619999995,2.6889999999999996,4.7,3,2,2019,20,1
2,1,0,1,4,35.81,5,8.9525,188.0025,2,179.05,4.7619047619999995,8.9525,7.9,6,2,2019,18,1
1,0,1,0,2,26.43,8,10.572000000000001,222.012,2,211.44,4.7619047619999995,10.572000000000001,8.9,24,2,2019,14,0
1,0,0,1,3,39.91,3,5.9865,125.7165,2,119.73,4.7619047619999995,5.9865,9.3,21,2,2019,12,1
1,0,0,0,4,21.9,3,3.285,68.985,2,65.7,4.7619047619999995,3.285,4.7,9,1,2019,18,0
1,0,0,0,2,62.85,4,12.57,263.97,2,251.4,4.7619047619999995,12.57,8.7,25,2,2019,13,0
2,1,0,0,2,21.04,4,4.208,88.368,0,84.16,4.7619047619999995,4.208,7.6,13,1,2019,13,1
1,0,0,1,4,65.91,6,19.773,415.233,0,395.46,4.7619047619999995,19.773,5.7,9,2,2019,11,0
0,2,1,0,1,42.57,7,14.8995,312.8895,0,297.99,4.7619047619999995,14.8995,6.8,6,1,2019,11,1
2,1,0,1,2,50.49,9,22.7205,477.1305,0,454.41,4.7619047619999995,22.7205,5.4,10,1,2019,17,0
1,0,1,1,0,46.02,6,13.806,289.926,0,276.12,4.7619047619999995,13.806,7.1,7,2,2019,15,1
2,1,1,0,4,15.8,10,7.9,165.9,0,158.0,4.7619047619999995,7.9,7.8,9,1,2019,12,0
0,2,0,0,2,98.66,9,44.397,932.337,0,887.94,4.7619047619999995,44.397,8.4,19,2,2019,15,1
2,1,0,1,1,91.98,1,4.599,96.579,0,91.98,4.7619047619999995,4.599,9.8,18,3,2019,15,0
0,2,0,1,0,20.89,2,2.089,43.869,0,41.78,4.7619047619999995,2.089,9.8,5,2,2019,18,1
0,2,1,0,1,15.5,1,0.775,16.275,1,15.5,4.7619047619999995,0.775,7.4,19,3,2019,15,0
2,1,0,1,0,96.82,3,14.523,304.983,0,290.46,4.7619047619999995,14.523,6.7,30,3,2019,20,0
1,0,1,1,2,33.33,2,3.333,69.993,1,66.66,4.7619047619999995,3.333,6.4,26,1,2019,14,1
1,0,1,0,0,38.27,2,3.827,80.367,1,76.54,4.7619047619999995,3.827,5.8,2,3,2019,18,0
0,2,1,0,4,33.3,9,14.985,314.685,2,299.7,4.7619047619999995,14.985,7.2,4,3,2019,15,0
0,2,0,1,4,81.01,3,12.1515,255.1815,1,243.03,4.7619047619999995,12.1515,9.3,13,1,2019,12,0
0,2,1,0,3,15.8,3,2.37,49.77,0,47.4,4.7619047619999995,2.37,9.5,25,3,2019,18,0
1,0,0,0,0,34.49,5,8.6225,181.0725,1,172.45,4.7619047619999995,8.6225,9.0,11,3,2019,19,0
1,0,0,0,2,84.63,10,42.315,888.615,1,846.3,4.7619047619999995,42.315,9.0,1,1,2019,11,0
1,0,0,1,4,36.91,7,12.9185,271.2885,2,258.37,4.7619047619999995,12.9185,6.7,10,2,2019,13,1
1,0,1,1,0,87.08,7,30.478,640.038,0,609.56,4.7619047619999995,30.478,5.5,26,1,2019,15,1
0,2,1,1,4,80.08,3,12.012,252.252,0,240.24,4.7619047619999995,12.012,5.4,11,2,2019,15,1
2,1,1,1,1,86.13,2,8.613,180.873,0,172.26,4.7619047619999995,8.613,8.2,7,2,2019,17,0
1,0,0,1,1,49.92,2,4.992,104.83200000000001,1,99.84,4.7619047619999995,4.992,7.0,6,3,2019,11,1
0,2,1,0,2,74.66,4,14.932,313.572,0,298.64,4.7619047619999995,14.932,8.5,4,3,2019,10,1
1,0,0,1,2,26.6,6,7.98,167.58,2,159.6,4.7619047619999995,7.98,4.9,26,2,2019,15,1
1,0,1,0,0,25.45,1,1.2725,26.7225,1,25.45,4.7619047619999995,1.2725,5.1,10,3,2019,18,0
1,0,1,0,2,67.77,1,3.3885,71.1585,1,67.77,4.7619047619999995,3.3885,6.5,4,2,2019,20,0
2,1,0,1,2,59.59,4,11.918,250.278,0,238.36,4.7619047619999995,11.918,9.8,19,1,2019,12,0
0,2,1,1,3,58.15,4,11.63,244.23,0,232.6,4.7619047619999995,11.63,8.4,23,1,2019,17,1
0,2,0,0,5,97.48,9,43.86600000000001,921.186,2,877.32,4.7619047619999995,43.86600000000001,7.4,14,3,2019,14,1
2,1,1,1,3,99.96,7,34.986,734.706,0,699.72,4.7619047619999995,34.986,6.1,23,1,2019,10,1
2,1,1,1,0,96.37,7,33.7295,708.3195,0,674.59,4.7619047619999995,33.7295,6.0,9,1,2019,11,1
1,0,1,0,1,63.71,5,15.9275,334.4775,2,318.55,4.7619047619999995,15.9275,8.5,7,2,2019,19,0
1,0,1,0,3,14.76,2,1.476,30.996,2,29.52,4.7619047619999995,1.476,4.3,18,2,2019,14,0
1,0,0,1,3,62.0,8,24.8,520.8,1,496.0,4.7619047619999995,24.8,6.2,3,1,2019,19,0
2,1,0,1,0,82.34,10,41.17,864.57,2,823.4,4.7619047619999995,41.17,4.3,29,3,2019,19,0
1,0,0,1,3,75.37,8,30.148000000000003,633.1080000000001,1,602.96,4.7619047619999995,30.148000000000003,8.4,28,1,2019,15,1
0,2,1,0,2,56.56,5,14.14,296.94,1,282.8,4.7619047619999995,14.14,4.5,22,3,2019,19,0
1,0,1,0,5,76.6,10,38.3,804.3,2,766.0,4.7619047619999995,38.3,6.0,24,1,2019,18,1
0,2,1,1,0,58.03,2,5.803,121.863,2,116.06,4.7619047619999995,5.803,8.8,10,3,2019,20,1
1,0,1,1,1,17.49,10,8.745,183.645,2,174.9,4.7619047619999995,8.745,6.6,22,2,2019,18,1
2,1,0,0,0,60.95,1,3.0475,63.9975,2,60.95,4.7619047619999995,3.0475,5.9,18,2,2019,11,0
2,1,1,1,3,40.35,1,2.0175,42.3675,2,40.35,4.7619047619999995,2.0175,6.2,29,1,2019,13,1
1,0,1,0,4,97.38,10,48.69,1022.49,2,973.8,4.7619047619999995,48.69,4.4,2,3,2019,17,0
0,2,0,1,2,31.84,1,1.5919999999999999,33.431999999999995,0,31.84,4.7619047619999995,1.5919999999999999,7.7,9,2,2019,13,1
0,2,1,1,4,65.82,1,3.2910000000000004,69.111,0,65.82,4.7619047619999995,3.2910000000000004,4.1,22,2,2019,15,1
0,2,0,0,1,88.34,7,30.919,649.299,0,618.38,4.7619047619999995,30.919,6.6,18,2,2019,13,1
